<?xml version="1.0"?>
<cmdbar cols="3" margin="2" spacing="4">   <cmd arg="diff(##f, #x)" icon="cmds/diff.png" tooltip="Derivative" statustip="Derivative" />
   <palette margin="0" spacing="0" icon="cmds/limit_.png" tooltip="Limit" statustip="Limit" cols="1">
      <cmd arg="limit(##f, #x=#a)" icon="cmds/limit.png" tooltip="Limit" statustip="Limit" />
      <cmd arg="limit(##f, #x=#a, Left)" icon="cmds/limitl.png" tooltip="Limit, left-hand-side" statustip="Limit, left-hand-side" />
      <cmd arg="limit(##f, #x=#a, Right)" icon="cmds/limitr.png" tooltip="Limit, right-hand-side" statustip="Limit, right-hand-side" />
   </palette>
   <palette margin="0" spacing="0" icon="cmds/sum_.png" tooltip="Sum" statustip="Sum" cols="1">
      <cmd arg="sum(##f, #n)" icon="cmds/sum.png" tooltip="Indefinite sum" statustip="Indefinite sum" />
      <cmd arg="sum(##f, #n=#a..#b)" icon="cmds/sumb.png" tooltip="Definite sum" statustip="Definite sum" />
   </palette>
   <palette margin="0" spacing="0" icon="cmds/int_.png" tooltip="Integral" statustip="Integral" cols="1">
      <cmd arg="int(##f, #x)" icon="cmds/int.png" tooltip="Indefinite integral" statustip="Indefinite integral" />
      <cmd arg="int(##f, #x=#a..#b)" icon="cmds/intb.png" tooltip="Definite integral" statustip="Definite integral" />
      <cmd arg="numeric::int(##f, #x=#a..#b)" icon="cmds/intn.png" tooltip="Numerical integration" statustip="Numerical integration" />
   </palette>
   <palette margin="0" spacing="0" icon="cmds/rewrite_.png" tooltip="Rewrite expression" statustip="Rewrite expression" cols="1">
      <cmd arg="rewrite(##f, sin)" icon="cmds/rewrite_sin.png" tooltip="Rewrite in sine functions" statustip="Rewrite in sine functions" />
      <cmd arg="rewrite(##f, cos)" icon="cmds/rewrite_cos.png" tooltip="Rewrite in cosine functions" statustip="Rewrite in cosine functions" />
      <cmd arg="rewrite(##f, exp)" icon="cmds/rewrite_exp.png" tooltip="Rewrite in exponential functions" statustip="Rewrite in exponential functions" />
      <cmd arg="rewrite(##f, gamma)" icon="cmds/rewrite_gamma.png" tooltip="Rewrite in Gamma functions" statustip="Rewrite in Gamma functions" />
      <cmd arg="rewrite(##f, fact)" icon="cmds/rewrite_fact.png" tooltip="Rewrite in factorials" statustip="Rewrite in factorials" />
   </palette>
   <palette margin="0" spacing="0" icon="cmds/product_.png" tooltip="Product" statustip="Product" cols="1">
      <cmd arg="product(##f, #n)" icon="cmds/product.png" tooltip="Indefinite product" statustip="Indefinite product" />
      <cmd arg="product(##f, #n=#a..#b)" icon="cmds/productb.png" tooltip="Definite product" statustip="Definite product" />
   </palette>
   <palette margin="0" spacing="0" icon="cmds/solve_.png" tooltip="Solve equation" statustip="Solve equation" cols="2">
      <cmd arg="solve(##f, #x)" icon="cmds/solve.png" tooltip="Solve equation" statustip="Solve equation" />
      <cmd arg="solve(##f, #x, Real)" icon="cmds/solver.png" tooltip="Solve equation, real method" statustip="Solve equation, real method" />
      <cmd arg="solve(##f, #x) assuming #x = #condition" icon="cmds/solveass.png" tooltip="Solve equation, with assumptions" statustip="Solve equation, with assumptions" />
      <cmd arg="solve(##f, #x, Real) assuming #x = #condition" icon="cmds/solverass.png" tooltip="Solve equation, real method,with assumptions" statustip="Solve equation, real method,with assumptions" />
      <cmd arg="solve(##f, #x, IgnoreSpecialCases)" icon="cmds/solveisc.png" tooltip="Solve equation, no special cases" statustip="Solve equation, no special cases" />
      <cmd arg="solve(##f, #x, Real, IgnoreSpecialCases)" icon="cmds/solverisc.png" tooltip="Solve equation, real method, no special cases" statustip="Solve equation, real method, no special cases" />
      <cmd arg="solve(##f, #x, PrincipalValue)" icon="cmds/solvepv.png" tooltip="Solve equation, principal value" statustip="Solve equation, principal value" />
      <cmd arg="solve(##f, #x, Real, PrincipalValue)" icon="cmds/solverpv.png" tooltip="Solve equation, real method, principal value" statustip="Solve equation, real method, principal value" />
      <cmd arg="float(solve(##f, #x))" icon="cmds/solvef.png" tooltip="Solve equation algebraically and appoximate" statustip="Solve equation algebraically and appoximate" />
      <cmd arg="numeric::solve(##f, #x)" icon="cmds/solven.png" tooltip="Solve equation numerically" statustip="Solve equation numerically" />
   </palette>
   <cmd arg="Simplify(##f)" icon="cmds/simplify.png" tooltip="Simplify" statustip="Simplify" />
   <cmd arg="(##f) | #x=#a" icon="cmds/evalat.png" tooltip="Evaluate with x=a" statustip="Evaluate with x=a" />
   <palette margin="0" spacing="0" icon="cmds/float_.png" tooltip="Approximate" statustip="Approximate" cols="1">
      <cmd arg="float(##a)" icon="cmds/float.png" tooltip="Approximate" statustip="Approximate" />
      <cmd arg="round(##a,1)" icon="cmds/float1.png" tooltip="Approximate to 1 position after decimal point" statustip="Approximate to 1 position after decimal point" />
      <cmd arg="round(##a,2)" icon="cmds/float2.png" tooltip="Approximate to 2 positions after decimal point" statustip="Approximate to 2 positions after decimal point" />
      <cmd arg="round(##a,3)" icon="cmds/float3.png" tooltip="Approximate to 3 positions after decimal point" statustip="Approximate to 3 positions after decimal point" />
   </palette>
   <palette margin="0" spacing="0" icon="cmds/equal_.png" tooltip="Equal" statustip="Equal" cols="1">
      <cmd arg="bool(##a=#b)" icon="cmds/equal.png" tooltip="Equal" statustip="Equal" />
      <cmd arg="iszero(##a)" icon="cmds/iszero.png" tooltip="Equal to zero" statustip="Equal to zero" />
      <cmd arg="testeq(##a=#b)" icon="cmds/testeq.png" tooltip="Equivalent" statustip="Equivalent" />
      <cmd arg="bool(##a~=#b)" icon="cmds/approx.png" tooltip="Approximately equal" statustip="Approximately equal" />
   </palette>
   <cmd arg="#a:=##b" icon="cmds/assign.png" tooltip="Assignment" statustip="Assignment" />
   <palette margin="0" spacing="0" icon="cmds/add_.png" tooltip="Basic operators" statustip="Basic operators" cols="3">
      <cmd arg="##a+#b" icon="cmds/add.png" tooltip="Add" statustip="Add" />
      <cmd arg="##a-#b" icon="cmds/sub.png" tooltip="Subtract" statustip="Subtract" />
      <cmd arg="((##a)*#b)" icon="cmds/mul.png" tooltip="Multiply" statustip="Multiply" />
      <cmd arg="((##a)/#b)" icon="cmds/div.png" tooltip="Divide" statustip="Divide" />
      <cmd arg="(##a)^#b" icon="cmds/power.png" tooltip="Raise to a power" statustip="Raise to a power" />
      <cmd arg="sqrt(##a)" icon="cmds/sqrt.png" tooltip="Square root" statustip="Square root" />
      <cmd arg="surd(##a, #n)" icon="cmds/surd.png" tooltip="n-th root" statustip="n-th root" />
      <cmd arg="abs(##a)" icon="cmds/abs.png" tooltip="Absolute value" statustip="Absolute value" />
      <cmd arg="##a[#n]" icon="cmds/index.png" tooltip="Indexed variable" statustip="Indexed variable" />
   </palette>
   <palette margin="0" spacing="0" icon="cmds/fact_.png" tooltip="Factorials and binomial coefficient " statustip="Factorials and binomial coefficient " cols="1">
      <cmd arg="(##n)!" icon="cmds/fact.png" tooltip="Factorial" statustip="Factorial" />
      <cmd arg="binomial(##n,#k)" icon="cmds/binomial.png" tooltip="Binomial coefficient " statustip="Binomial coefficient " />
      <cmd arg="pochhammer(##n,#k)" icon="cmds/pochhammer.png" tooltip="Pochhammer symbol" statustip="Pochhammer symbol" />
   </palette>
   <palette margin="0" spacing="0" icon="cmds/fun_.png" tooltip="Define a function" statustip="Define a function" cols="1">
      <cmd arg="#f:= #x -> ##expr_x" icon="cmds/funx.png" tooltip="Define a function in one variable" statustip="Define a function in one variable" />
      <cmd arg="#f:= (#x,#y) -> ##expr_x_y" icon="cmds/funxy.png" tooltip="Define a function in two variables" statustip="Define a function in two variables" />
   </palette>
   <palette margin="0" spacing="0" icon="cmds/trig_.png" tooltip="Trigonometric functions" statustip="Trigonometric functions" cols="3">
      <cmd arg="sin(##a)" icon="cmds/trig_sin.png" tooltip="Sine" statustip="Sine" />
      <cmd arg="cos(##a)" icon="cmds/trig_cos.png" tooltip="Cosine" statustip="Cosine" />
      <cmd arg="tan(##a)" icon="cmds/trig_tan.png" tooltip="Tangent" statustip="Tangent" />
      <cmd arg="arcsin(##a)" icon="cmds/trig_asin.png" tooltip="Arc sine" statustip="Arc sine" />
      <cmd arg="arccos(##a)" icon="cmds/trig_acos.png" tooltip="Arc cosine" statustip="Arc cosine" />
      <cmd arg="arctan(##a)" icon="cmds/trig_atan.png" tooltip="Arc tangent" statustip="Arc tangent" />
      <cmd arg="sinh(##a)" icon="cmds/trig_sinh.png" tooltip="Hyperbolic sine" statustip="Hyperbolic sine" />
      <cmd arg="cosh(##a)" icon="cmds/trig_cosh.png" tooltip="Hyperbolic cosine" statustip="Hyperbolic cosine" />
      <cmd arg="tanh(##a)" icon="cmds/trig_tanh.png" tooltip="Hyperbolic tangent" statustip="Hyperbolic tangent" />
      <cmd arg="arcsinh(##a)" icon="cmds/trig_asinh.png" tooltip="Hyperbolic arc sine" statustip="Hyperbolic arc sine" />
      <cmd arg="arccosh(##a)" icon="cmds/trig_acosh.png" tooltip="Hyperbolic arc cosine" statustip="Hyperbolic arc cosine" />
      <cmd arg="arctanh(##a)" icon="cmds/trig_atanh.png" tooltip="Hyperbolic arc tangent" statustip="Hyperbolic arc tangent" />
   </palette>
   <palette margin="0" spacing="0" icon="cmds/exp_.png" tooltip="Exponential function and logarithms " statustip="Exponential function and logarithms " cols="1">
      <cmd arg="exp(##a)" icon="cmds/exp.png" tooltip="Power of e" statustip="Power of e" />
      <cmd arg="ln(##a)" icon="cmds/ln.png" tooltip="Natural Logarithm" statustip="Natural Logarithm" />
      <cmd arg="log(10,##a)" icon="cmds/log.png" tooltip="Base 10 Logarithm" statustip="Base 10 Logarithm" />
   </palette>
   <palette margin="0" spacing="0" icon="cmds/piecewise_.png" tooltip="Piecewise definition" statustip="Piecewise definition" cols="1">
      <cmd arg="piecewise([#cond_1,##a_1],[#cond_2,#a_2])" icon="cmds/piecewise2.png" tooltip="Piecewise definition with two branches" statustip="Piecewise definition with two branches" />
      <cmd arg="piecewise([#cond_1,##a_1],[#cond_2,#a_2],[#cond_3,#a_3])" icon="cmds/piecewise3.png" tooltip="Piecewise definition with three branches" statustip="Piecewise definition with three branches" />
   </palette>
   <palette margin="0" spacing="0" icon="cmds/symb_.png" tooltip="Symbols" statustip="Symbols" cols="2">
      <cmd arg="E" icon="cmds/symb_es.png" tooltip="Euler number e, with e = exp(1)" statustip="Euler number e, with e = exp(1)" />
      <cmd arg="I" icon="cmds/symb_is.png" tooltip="Imaginary unit i, with i^2 = -1" statustip="Imaginary unit i, with i^2 = -1" />
      <cmd arg="PI" icon="cmds/symb_pis.png" tooltip="Pi" statustip="Pi" />
      <cmd arg="infinity" icon="cmds/infinity.png" tooltip="Infinity" statustip="Infinity" />
   </palette>
   <palette margin="0" spacing="0" icon="cmds/greek_.png" tooltip="Greek letters" statustip="Greek letters" cols="6">
      <cmd arg="`&amp;alpha;`" icon="cmds/greek_alpha.png" tooltip="alpha" statustip="alpha" />
      <cmd arg="`&amp;beta;`" icon="cmds/greek_beta.png" tooltip="beta" statustip="beta" />
      <cmd arg="`&amp;gamma;`" icon="cmds/greek_gamma.png" tooltip="gamma" statustip="gamma" />
      <cmd arg="`&amp;delta;`" icon="cmds/greek_delta.png" tooltip="delta" statustip="delta" />
      <cmd arg="`&amp;epsi;`" icon="cmds/greek_epsi.png" tooltip="epsilon" statustip="epsilon" />
      <cmd arg="`&amp;epsiv;`" icon="cmds/greek_epsi_variant.png" tooltip="epsilon variant" statustip="epsilon variant" />
      <cmd arg="`&amp;zeta;`" icon="cmds/greek_zeta.png" tooltip="zeta" statustip="zeta" />
      <cmd arg="`&amp;eta;`" icon="cmds/greek_eta.png" tooltip="eta" statustip="eta" />
      <cmd arg="`&amp;theta;`" icon="cmds/greek_theta.png" tooltip="theta" statustip="theta" />
      <cmd arg="`&amp;thetav;`" icon="cmds/greek_theta_variant.png" tooltip="theta variant" statustip="theta variant" />
      <cmd arg="`&amp;iota;`" icon="cmds/greek_iota.png" tooltip="iota" statustip="iota" />
      <cmd arg="`&amp;kappa;`" icon="cmds/greek_kappa.png" tooltip="kappa" statustip="kappa" />
      <cmd arg="`&amp;lambda;`" icon="cmds/greek_lambda.png" tooltip="lambda" statustip="lambda" />
      <cmd arg="`&amp;mu;`" icon="cmds/greek_mu.png" tooltip="mu" statustip="mu" />
      <cmd arg="`&amp;nu;`" icon="cmds/greek_nu.png" tooltip="nu" statustip="nu" />
      <cmd arg="`&amp;xi;`" icon="cmds/greek_xi.png" tooltip="xi" statustip="xi" />
      <cmd arg="`&amp;omicron;`" icon="cmds/greek_omicron.png" tooltip="omicron" statustip="omicron" />
      <cmd arg="`&amp;pi;`" icon="cmds/greek_pi.png" tooltip="pi" statustip="pi" />
      <cmd arg="`&amp;piv;`" icon="cmds/greek_pi_variant.png" tooltip="pi variant" statustip="pi variant" />
      <cmd arg="`&amp;rho;`" icon="cmds/greek_rho.png" tooltip="rho" statustip="rho" />
      <cmd arg="`&amp;sigma;`" icon="cmds/greek_sigma.png" tooltip="sigma" statustip="sigma" />
      <cmd arg="`&amp;sigmav;`" icon="cmds/greek_sigma_variant.png" tooltip="sigma variant" statustip="sigma variant" />
      <cmd arg="`&amp;tau;`" icon="cmds/greek_tau.png" tooltip="tau" statustip="tau" />
      <cmd arg="`&amp;upsi;`" icon="cmds/greek_upsi.png" tooltip="upsi" statustip="upsi" />
      <cmd arg="`&amp;phi;`" icon="cmds/greek_phi.png" tooltip="phi" statustip="phi" />
      <cmd arg="`&amp;phiv;`" icon="cmds/greek_phi_variant.png" tooltip="phi variant" statustip="phi variant" />
      <cmd arg="`&amp;chi;`" icon="cmds/greek_chi.png" tooltip="chi" statustip="chi" />
      <cmd arg="`&amp;psi;`" icon="cmds/greek_psi.png" tooltip="psi" statustip="psi" />
      <cmd arg="`&amp;omega;`" icon="cmds/greek_omega.png" tooltip="omega" statustip="omega" />
      <sep/>
      <cmd arg="`&amp;Alpha;`" icon="cmds/greek_big_alpha.png" tooltip="Alpha" statustip="Alpha" />
      <cmd arg="`&amp;Beta;`" icon="cmds/greek_big_beta.png" tooltip="Beta" statustip="Beta" />
      <cmd arg="`&amp;Gamma;`" icon="cmds/greek_big_gamma.png" tooltip="Gamma" statustip="Gamma" />
      <cmd arg="`&amp;Delta;`" icon="cmds/greek_big_delta.png" tooltip="Delta" statustip="Delta" />
      <cmd arg="`&amp;Epsi;`" icon="cmds/greek_big_epsilon.png" tooltip="Epsilon" statustip="Epsilon" />
      <cmd arg="`&amp;Zeta;`" icon="cmds/greek_big_zeta.png" tooltip="Zeta" statustip="Zeta" />
      <cmd arg="`&amp;Eta;`" icon="cmds/greek_big_eta.png" tooltip="Eta" statustip="Eta" />
      <cmd arg="`&amp;Theta;`" icon="cmds/greek_big_theta.png" tooltip="Theta" statustip="Theta" />
      <cmd arg="`&amp;Iota;`" icon="cmds/greek_big_iota.png" tooltip="Iota" statustip="Iota" />
      <cmd arg="`&amp;Kappa;`" icon="cmds/greek_big_kappa.png" tooltip="Kappa" statustip="Kappa" />
      <cmd arg="`&amp;Lambda;`" icon="cmds/greek_big_lambd.png" tooltip="Lambda" statustip="Lambda" />
      <cmd arg="`&amp;Mu;`" icon="cmds/greek_big_mu.png" tooltip="Mu" statustip="Mu" />
      <cmd arg="`&amp;Nu;`" icon="cmds/greek_big_nu.png" tooltip="Nu" statustip="Nu" />
      <cmd arg="`&amp;Xi;`" icon="cmds/greek_big_xi.png" tooltip="Xi" statustip="Xi" />
      <cmd arg="`&amp;Omicron;`" icon="cmds/greek_big_omicron.png" tooltip="Omicron" statustip="Omicron" />
      <cmd arg="`&amp;Pi;`" icon="cmds/greek_big_pi.png" tooltip="Pi" statustip="Pi" />
      <cmd arg="`&amp;Rho;`" icon="cmds/greek_big_rho.png" tooltip="Rho" statustip="Rho" />
      <cmd arg="`&amp;Sigma;`" icon="cmds/greek_big_sigma.png" tooltip="Sigma" statustip="Sigma" />
      <cmd arg="`&amp;Tau;`" icon="cmds/greek_tau.png" tooltip="Tau" statustip="Tau" />
      <cmd arg="`&amp;Upsi;`" icon="cmds/greek_upsi.png" tooltip="Upsi" statustip="Upsi" />
      <cmd arg="`&amp;Phi;`" icon="cmds/greek_phi.png" tooltip="Phi" statustip="Phi" />
      <cmd arg="`&amp;Chi;`" icon="cmds/greek_chi.png" tooltip="Chi" statustip="Chi" />
      <cmd arg="`&amp;Psi;`" icon="cmds/greek_big_psi.png" tooltip="Psi" statustip="Psi" />
      <cmd arg="`&amp;Omega;`" icon="cmds/greek_big_omega.png" tooltip="Omega" statustip="Omega" />
   </palette>
   <palette margin="0" spacing="0" icon="cmds/unit_.png" tooltip="Physical units (SI)" statustip="Physical units (SI)" cols="3">
      <cmd arg="(##a)*unit::m" icon="cmds/unit_m.png" tooltip="Meter: a length unit" statustip="Meter: a length unit" />
      <cmd arg="(##a)*unit::cm" icon="cmds/unit_cm.png" tooltip="Centimeter: a length unit" statustip="Centimeter: a length unit" />
      <cmd arg="(##a)*unit::mm" icon="cmds/unit_mm.png" tooltip="Millimeter: a length unit" statustip="Millimeter: a length unit" />
      <cmd arg="(##a)*unit::kg" icon="cmds/unit_kg.png" tooltip="Kilogram: a mass unit" statustip="Kilogram: a mass unit" />
      <cmd arg="(##a)*unit::g" icon="cmds/unit_g.png" tooltip="gram: a mass unit" statustip="gram: a mass unit" />
      <cmd arg="(##a)*unit::mg" icon="cmds/unit_mg.png" tooltip="Milligram: a mass unit" statustip="Milligram: a mass unit" />
      <cmd arg="(##a)*unit::h" icon="cmds/unit_h.png" tooltip="Hour: a time unit" statustip="Hour: a time unit" />
      <cmd arg="(##a)*unit::min" icon="cmds/unit_min.png" tooltip="Minute: a time unit" statustip="Minute: a time unit" />
      <cmd arg="(##a)*unit::s" icon="cmds/unit_s.png" tooltip="Second: a time unit" statustip="Second: a time unit" />
   </palette>
   <sep/>
   <palette margin="0" spacing="0" icon="cmds/matrix_.png" tooltip="Matrices and vectors" statustip="Matrices and vectors" cols="5">
      <cmd arg="matrix([##_1_1])" icon="cmds/matrix1x1.png" tooltip="1x1 matrix" statustip="1x1 matrix" />
      <cmd arg="matrix([[##_1_1,#_1_2]])" icon="cmds/matrix1x2.png" tooltip="1x2 vector" statustip="1x2 vector" />
      <cmd arg="matrix([[##_1_1,#_1_2,#_1_3]])" icon="cmds/matrix1x3.png" tooltip="1x3 vector" statustip="1x3 vector" />
      <cmd arg="matrix([[##_1_1,#_1_2,#_1_3,#_1_4]])" icon="cmds/matrix1x4.png" tooltip="1x4 vector" statustip="1x4 vector" />
      <cmd arg="matrix([[##_1_1,#_1_2,#_1_3,#_1_4,#_1_5]])" icon="cmds/matrix1x5.png" tooltip="1x5 vector" statustip="1x5 vector" />
      <cmd arg="matrix([##_1_1,#_2_1])" icon="cmds/matrix2x1.png" tooltip="2x1 vector" statustip="2x1 vector" />
      <cmd arg="matrix([[##_1_1,#_1_2],[#_2_1,#_2_2]])" icon="cmds/matrix2x2.png" tooltip="2x2 matrix" statustip="2x2 matrix" />
      <cmd arg="matrix([[##_1_1,#_1_2,#_1_3],[#_2_1,#_2_2,#_2_3]])" icon="cmds/matrix2x3.png" tooltip="2x3 matrix" statustip="2x3 matrix" />
      <cmd arg="matrix([[##_1_1,#_1_2,#_1_3,#_1_4],[#_2_1,#_2_2,#_2_3,#_2_4]])" icon="cmds/matrix2x4.png" tooltip="2x4 matrix" statustip="2x4 matrix" />
      <cmd arg="matrix([[##_1_1,#_1_2,#_1_3,#_1_4,#_1_5],[#_2_1,#_2_2,#_2_3,#_2_4,#_2_5]])" icon="cmds/matrix2x5.png" tooltip="2x5 matrix" statustip="2x5 matrix" />
      <cmd arg="matrix([##_1_1,#_2_1,#_3_1])" icon="cmds/matrix3x1.png" tooltip="3x1 vector" statustip="3x1 vector" />
      <cmd arg="matrix([[##_1_1,#_1_2],[#_2_1,#_2_2],[#_3_1,#_3_2]])" icon="cmds/matrix3x2.png" tooltip="3x2 matrix" statustip="3x2 matrix" />
      <cmd arg="matrix([[##_1_1,#_1_2,#_1_3],[#_2_1,#_2_2,#_2_3],[#_3_1,#_3_2,#_3_3]])" icon="cmds/matrix3x3.png" tooltip="3x3 matrix" statustip="3x3 matrix" />
      <cmd arg="matrix([[##_1_1,#_1_2,#_1_3,#_1_4],[#_2_1,#_2_2,#_2_3,#_2_4],[#_3_1,#_3_2,#_3_3,#_3_4]])" icon="cmds/matrix3x4.png" tooltip="3x4 matrix" statustip="3x4 matrix" />
      <cmd arg="matrix([[##_1_1,#_1_2,#_1_3,#_1_4,#_1_5],[#_2_1,#_2_2,#_2_3,#_2_4,#_2_5],[#_3_1,#_3_2,#_3_3,#_3_4,#_3_5]])" icon="cmds/matrix3x5.png" tooltip="3x5 matrix" statustip="3x5 matrix" />
      <cmd arg="matrix([##_1_1,#_2_1,#_3_1,#_4_1])" icon="cmds/matrix4x1.png" tooltip="4x1 vector" statustip="4x1 vector" />
      <cmd arg="matrix([[##_1_1,#_1_2],[#_2_1,#_2_2],[#_3_1,#_3_2],[#_4_1,#_4_2]])" icon="cmds/matrix4x2.png" tooltip="4x2 matrix" statustip="4x2 matrix" />
      <cmd arg="matrix([[##_1_1,#_1_2,#_1_3],[#_2_1,#_2_2,#_2_3],[#_3_1,#_3_2,#_3_3],[#_4_1,#_4_2,#_4_3]])" icon="cmds/matrix4x3.png" tooltip="4x3 matrix" statustip="4x3 matrix" />
      <cmd arg="matrix([[##_1_1,#_1_2,#_1_3,#_1_4],[#_2_1,#_2_2,#_2_3,#_2_4],[#_3_1,#_3_2,#_3_3,#_3_4],[#_4_1,#_4_2,#_4_3,#_4_4]])" icon="cmds/matrix4x4.png" tooltip="4x4 matrix" statustip="4x4 matrix" />
      <cmd arg="matrix([[##_1_1,#_1_2,#_1_3,#_1_4,#_1_5],[#_2_1,#_2_2,#_2_3,#_2_4,#_2_5],[#_3_1,#_3_2,#_3_3,#_3_4,#_3_5],[#_4_1,#_4_2,#_4_3,#_4_4,#_4_5]])" icon="cmds/matrix4x5.png" tooltip="4x5 matrix" statustip="4x5 matrix" />
      <cmd arg="matrix([##_1_1,#_2_1,#_3_1,#_4_1,#_5_1])" icon="cmds/matrix5x1.png" tooltip="5x1 vector" statustip="5x1 vector" />
      <cmd arg="matrix([[##_1_1,#_1_2],[#_2_1,#_2_2],[#_3_1,#_3_2],[#_4_1,#_4_2],[#_5_1,#_5_2]])" icon="cmds/matrix5x2.png" tooltip="5x2 matrix" statustip="5x2 matrix" />
      <cmd arg="matrix([[##_1_1,#_1_2,#_1_3],[#_2_1,#_2_2,#_2_3],[#_3_1,#_3_2,#_3_3],[#_4_1,#_4_2,#_4_3],[#_5_1,#_5_2,#_5_3]])" icon="cmds/matrix5x3.png" tooltip="5x3 matrix" statustip="5x3 matrix" />
      <cmd arg="matrix([[##_1_1,#_1_2,#_1_3,#_1_4],[#_2_1,#_2_2,#_2_3,#_2_4],[#_3_1,#_3_2,#_3_3,#_3_4],[#_4_1,#_4_2,#_4_3,#_4_4],[#_5_1,#_5_2,#_5_3,#_5_4]])" icon="cmds/matrix5x4.png" tooltip="5x4 matrix" statustip="5x4 matrix" />
      <cmd arg="matrix([[##_1_1,#_1_2,#_1_3,#_1_4,#_1_5],[#_2_1,#_2_2,#_2_3,#_2_4,#_2_5],[#_3_1,#_3_2,#_3_3,#_3_4,#_3_5],[#_4_1,#_4_2,#_4_3,#_4_4,#_4_5],[#_5_1,#_5_2,#_5_3,#_5_4,#_5_5]])" icon="cmds/matrix5x5.png" tooltip="5x5 matrix" statustip="5x5 matrix" />
   </palette>
   <cmd arg="plot(##f)" icon="cmds/plot_plot2d.png" tooltip="2D graphics and animations" statustip="2D graphics and animations" />
   <cmd arg="plot(##f, #3D)" icon="cmds/plot_plot3d.png" tooltip="3D graphics and animations" statustip="3D graphics and animations" />
   <sep/>

  <sep/>
  <menu text="General Math" colspan="3" tooltip="General Math Commands" statustip="General Math Commands">
    <cmd arg="expand(#)" text="Expand"
        statustip="Insert template for expand command."/>
    <cmd arg="factor(#)" text="Factor"
        statustip="Insert template for factor command."/>
    <cmd arg="normal(#)" text="Normalize"
        statustip="Insert template for normal command."/>
    <menu text="Evaluate">
      <cmd arg="float(#)" text="Numerically"
        statustip="Insert template for float command."/>
      <cmd arg="bool(#)" text="Boolean"
        statustip="Insert template for bool command."/>
    </menu>
    <menu text="Simplify">
      <cmd arg="Simplify(#)" text="General"
        statustip="Insert template for simplify command."/>
      <cmd arg="simplify(#, logic)" text="Logical"
        statustip="Insert template for simplify command."/>
      <cmd arg="simplify(#, sqrt)" text="Radical"
        statustip="Insert template for simplify command."/>
      <cmd arg="simplify(#, relation)" text="Relational"
        statustip="Insert template for simplify command."/>
      <cmd arg="simplify(#, exp)" text="Exponential"
        statustip="Insert template for simplify command."/>
      <cmd arg="simplify(#, ln)" text="Logarithm"
        statustip="Insert template for simplify command."/>
      <cmd arg="simplify(#, sin)" text="Sine"
        statustip="Insert template for simplify command."/>
      <cmd arg="simplify(#, cos)" text="Cosine"
        statustip="Insert template for simplify command."/>
    </menu>
    <menu text="Combine">
      <cmd arg="combine(#)" text="General"
        statustip="Insert template for combine command."/>
      <cmd arg="combine(#, arctan)" text="Arcus Tangent"
        statustip="Insert template for combine command."/>
      <cmd arg="combine(#, exp)" text="Exponential"
        statustip="Insert template for combine command."/>
      <cmd arg="combine(#, ln)" text="Logarithm"
        statustip="Insert template for combine command."/>
      <cmd arg="combine(#, _power)" text="Power"
        statustip="Insert template for combine command."/>
      <cmd arg="combine(#, sincos)" text="Sine / Cosine"
        statustip="Insert template for combine command."/>
      <cmd arg="combine(#, sincosh)" text="Sine / Cosine Hyp"
        statustip="Insert template for combine command."/>
      <cmd arg="combine(#, sqrt)" text="Square Root"
        statustip="Insert template for combine command."/>
    </menu>
    <menu text="Rewrite">
      <cmd arg="rewrite(#, diff)" text="Differential"
        statustip="Insert template for rewrite command."/>
      <cmd arg="rewrite(#, exp)" text="Exponential"
        statustip="Insert template for rewrite command."/>
      <cmd arg="rewrite(#, fact)" text="Factorial"
        statustip="Insert template for rewrite command."/>
      <cmd arg="rewrite(#, gamma)" text="Gamma"
        statustip="Insert template for rewrite command."/>
      <cmd arg="rewrite(#, heaviside)" text="Heaviside"
        statustip="Insert template for rewrite command."/>
      <cmd arg="rewrite(#, ln)" text="Logarithm"
        statustip="Insert template for rewrite command."/>
      <cmd arg="rewrite(#, sign)" text="Sign"
        statustip="Insert template for rewrite command."/>
      <cmd arg="rewrite(#, sincos)" text="Sine / Cosine"
        statustip="Insert template for rewrite command."/>
    </menu>
    <menu text="Solve">
      <cmd arg="solve(#)" text="Exact"
        statustip="Insert template for solve command."/>
      <cmd arg="numeric::solve(#)" text="Numeric"
        statustip="Insert template for linsolve command."/>
      <cmd arg="linsolve({#})" text="Linear System"
        statustip="Insert template for solve command."/>
      <cmd arg="solvelib::pdioe(##, #)" text="Polynomial Diophantine Equation"
        statustip="Insert template for pdioe command."/>
      <cmd arg="solve(rec(##, #(#)))" text="Recurrences"
        statustip="Insert template for rec command."/>
      <cmd arg="solve(ode(##, #(#)))" text="ODE"
        statustip="Insert template for ode command."/>
    </menu>
    <sep/>
    <menu text="Calculus">
      <cmd arg="int(##f, #x)" text="Integrate"
        statustip="Insert template for int command."/>
      <cmd arg="int(##f, #x=#a..#b)" text="Integrate (Definite)"
        statustip="Insert template for int command."/>
      <cmd arg="intlib::byparts(hold(int)(##, #), #(#))" text="Integrate by Parts"
        statustip="Insert template for int command."/>
      <cmd arg="float(hold(int)(##f, #x))" text="Integrate Numerically"
        statustip="Insert template for int command."/>
      <cmd arg="intlib::changevar(hold(int)(##f, #x), #x=#y)" text="Change Variable"
        statustip="Insert template for int command."/>
      <cmd arg="partfrac(#, #)" text="Partial Fraction"
        statustip="Insert template for partial fraction decomposition."/>
      <sep/>
      <cmd arg="diff(##f, #x)" text="Differentiate"
        statustip="Insert template for diff command."/>
      <cmd arg="diff(##f, #x$#n)" text="Differentiate n times"
        statustip="Insert template for diff command."/>
      <cmd arg="D(##f)" text="Differential Operator"
        statustip="Insert template for the differential operator."/>
      <sep/>
      <cmd arg="sum(##f, #n)" text="Sum"
        statustip="Insert template for sum command."/>
      <cmd arg="sum(##f, #n=#a..#b)" text="Sum (Definite)"
        statustip="Insert template for sum command."/>
      <sep/>
      <cmd arg="limit(##f, #x=#a)" text="Limit"
        statustip="Insert template for limit command."/>
      <cmd arg="limit(##f, #x=#a, Left)" text="Limit (Left)"
        statustip="Insert template for limit command."/>
      <cmd arg="limit(##f, #x=#a, Right)" text="Limit (Right)"
        statustip="Insert template for limit command."/>
    </menu>
    <cmd arg="series(##, #)" text="Power Series"
        statustip="Insert template for series command."/>
    <sep/>
    <menu text="Matrices">
      <cmd arg="MExpr:=Dom::Matrix(Dom::ExpressionField(normal, iszero)):"
        text="Define Standard Matrix Domain"
        statustip="Insert template for Dom::Matrix command."/>
      <cmd arg="linalg::charpoly(##, #)" text="Characteristic Polynomial"
        statustip="Insert template for charpoly command."/>
      <cmd arg="linalg::concatMatrix(##, #)" text="Concatenate"
        statustip="Insert template for concatMatrix command."/>
      <menu text="Decomposition">
        <cmd arg="linalg::factorCholesky(#)" text="Cholesky"
          statustip="Insert template for factorCholesky command."/>
        <cmd arg="linalg::factorLU(#)" text="LU"
          statustip="Insert template for factorLU command."/>
        <cmd arg="linalg::factorQR(#)" text="QR"
          statustip="Insert template for factorQR command."/>
      </menu>
      <cmd arg="linalg::det(#)" text="Determinant"
        statustip="Insert template for det command."/>
      <cmd arg="linalg::matdim(#)" text="Dimension"
        statustip="Insert template for matdim command."/>
      <menu text="Eigenvalues">
        <cmd arg="linalg::eigenvalues(#)" text="Exact"
          statustip="Insert template for eigenvalues command."/>
        <cmd arg="numeric::eigenvalues(#)" text="Numeric"
          statustip="Insert template for numeric eigenvalues command."/>
      </menu>
      <menu text="Eigenvectors">
        <cmd arg="linalg::eigenvectors(#)" text="Exact"
          statustip="Insert template for eigenvectors command."/>
        <cmd arg="numeric::eigenvectors(#)" text="Numeric"
          statustip="Insert template for numeric eigenvectors command."/>
      </menu>
      <cmd arg="linalg::gaussElim(#)" text="Fraction-Free Gaussian Elimination"
        statustip="Insert template for gaussElim command."/>
      <cmd arg="linalg::gaussJordan(#)" text="Gauss-Jordan Elimination"
        statustip="Insert template for gaussJordan command."/>
      <cmd arg="linalg::hermiteForm(#)" text="Hermite Normal Form"
        statustip="Insert template for hermiteForm command."/>
      <cmd arg="linalg::hessenberg(#)" text="Hessenberg Matrix"
        statustip="Insert template for hessenberg command."/>
      <cmd arg="linalg::hilbert(#)" text="Hilbert Matrix"
        statustip="Insert template for hessenberg command."/>
      <cmd arg="1/#" text="Inverse"
        statustip="Insert template for inverse command."/>
      <cmd arg="linalg::nullspace(#)" text="Nullspace Basis"
        statustip="Insert template for nullspace command."/>
      <cmd arg="linalg::randomMatrix(#, #)" text="Random Matrix"
        statustip="Insert template for randomMatrix command."/>
      <cmd arg="linalg::rank(#)" text="Rank"
        statustip="Insert template for rank command."/>
      <menu text="Tests">
        <cmd arg="linalg::isHermitean(#)" text="Hermitean"
          statustip="Insert template for isHermitean command."/>
        <cmd arg="linalg::isUnitary(#)" text="Orthogonal/Unitary"
          statustip="Insert template for isUnitary command."/>
        <cmd arg="linalg::isPosDef(#)" text="Positive Definite"
          statustip="Insert template for isPosDef command."/>
      </menu>
      <cmd arg="linalg::tr(#)" text="Trace"
        statustip="Insert template for trace command."/>
      <cmd arg="linalg::transpose(#)" text="Transpose"
        statustip="Insert template for transpose command."/>
    </menu>
    <menu text="Polynomials">
      <cmd arg="collect(##f, #x)" text="Collect"
        statustip="Insert template for collect command."/>
      <cmd arg="divide(#, Exact)" text="Divide"
        statustip="Insert template for divide command."/>
      <cmd arg="numeric::solve(#)" text="Numeric"
        statustip="Insert template for linsolve command."/>
      <cmd arg="solve(#, Domain=Dom::Real)" text="Real Roots"
        statustip="Insert template for realroots command."/>
      <cmd arg="solve(#, Domain=Dom::Integer)" text="Integer Roots"
        statustip="Insert template for iroots command."/>
    </menu>
    <sep/>
      <cmd arg="reset()" text="Reset Session"
        statustip="Reset the current session."/>
  </menu>
  <sep/>
  <menu text="Plot Commands" colspan="3" tooltip="Plot Commands" statustip="Plot Commands">
    <menu text="Arrows and Vector Fields">
      <cmd arg="plot::Arrow2d(#)" text="2D Arrow (Vector)"/>
     <cmd arg="plot::VectorField2d(#)" text="2D Vector Field"/>
       <sep/>
      <cmd arg="plot::Arrow3d(#)" text="3D Arrow (Vector)"/>
      <cmd arg="plot::VectorField3d(#)" text="3D Vector Field"/>
    </menu>
   <menu text="Circles, Arcs, Spheres, ...">
      <cmd arg="plot::Arc2d(#)" text="2D Arc"/>
      <cmd arg="plot::Circle2d(#)" text="2D Circle"/>
      <cmd arg="plot::Ellipse2d(#)" text="2D Ellipse"/>
      <sep/>
      <cmd arg="plot::Circle3d(#)" text="3D Circle"/>
      <cmd arg="plot::Ellipsoid(#)" text="Ellipsoid"/>
      <cmd arg="plot::Sphere(#)" text="Sphere"/>
    </menu>
   <menu text="Curves, Planes, (Sweep) Surfaces">
      <cmd arg="plot::Curve2d(#f, #x=#a..#b)" text="2D Curve"/>
      <sep/>
      <cmd arg="plot::Curve3d(#f, #x=#a..#b, #y=#a..#b)" text="3D Curve"/>
      <cmd arg="plot::Cylindrical(#, #=#..#, #=#..#)" text="Cylindrical Plot"/>
      <cmd arg="plot::Plane(#)" text="Plane"/>
      <cmd arg="plot::Spherical(#, #=#..#, #=#..#)" text="Spherical Plot"/>
      <cmd arg="plot::Surface(#, #=#..#, #=#..#)" text="Surface"/>
      <cmd arg="plot::Sweep(#)" text="Sweep Surface"/>
      <cmd arg="plot::Tube(#, #=#..#)" text="Tubular Curve"/>
    </menu>
    <menu text="Function Plots">
      <cmd arg="plot::Function2d(#f, #x=#a..#b)" text="2D Function"/>
      <sep/>
      <cmd arg="plot::Function3d(#f, #x=#a..#b, #y=#a..#b)" text="3D Function"/>
     </menu>
    <menu text="Hatches and Integrals">
      <cmd arg="plot::Hatch(#f)" text="2D Hatched Area"/>
      <cmd arg="plot::Integral(#f)" text="Visualizing Integration Methods"/>
     </menu>
   <menu text="Implicit Plots">
      <cmd arg="plot::Implicit2d(#f, #x=#a..#b, #y=#a..#b)" text="2D Implicit Plot"/>
      <sep/>
      <cmd arg="plot::Implicit3d(#f, #x=#a..#b, #y=#a..#b, #z=#a..#b)" text="3D Implicit Plot"/>
    </menu>
   <menu text="Matrix Plots">
      <cmd arg="plot::Density(#, #=#..#, #=#..#)" text="2D Density Plot"/>
      <cmd arg="plot::Raster(#, #=#..#, #=#..#)" text="2D Raster Plot"/>
      <cmd arg="plot::SparseMatrixplot(#)" text="2D Sparse Matrix Plot"/>
      <sep/>
      <cmd arg="plot::Matrixplot(#)" text="3D Matrix Plot"/>
    </menu>
   <menu text="Transformation Methods">
      <cmd arg="plot::Reflect2d(#o)" text="2D Reflection"/>
      <cmd arg="plot::Rotate2d(#o)" text="2D Rotation"/>
      <cmd arg="plot::Scale2d(#o)" text="2D Scaling"/>
      <cmd arg="plot::Transform2d(#o)" text="2D Transformation"/>
      <cmd arg="plot::Translate2d(#o)" text="2D Translation"/>
      <sep/>
      <cmd arg="plot::Reflect3d(#o)" text="3D Reflection"/>
      <cmd arg="plot::Rotate3d(#o)" text="3D Rotation"/>
      <cmd arg="plot::Scale3d(#o)" text="3D Scaling"/>
      <cmd arg="plot::Transform3d(#o)" text="3D Transformation"/>
      <cmd arg="plot::Translate3d(#o)" text="3D Translation"/>
    </menu>
   <menu text="ODE Plots">
      <cmd arg="plot::Ode2d(#)" text="2D ODE Plot"/>
      <sep/>
      <cmd arg="plot::Ode3d(#)" text="3D ODE Plot"/>
    </menu>
   <menu text="Parallelograms, Rectangles, Boxes, ...">
      <cmd arg="plot::Parallelogram2d(#)" text="2D Parallelogram"/>
      <cmd arg="plot::Rectangle(#)" text="2D Rectangle"/>
      <sep/>
      <cmd arg="plot::Box(#)" text="Box"/>
      <cmd arg="plot::Cone(#)" text="Cone"/>
      <cmd arg="plot::Cylinder(#)" text="Cylinder"/>
      <cmd arg="plot::Parallelogram3d(#)" text="3D Parallelogram"/>
    </menu>
   <menu text="Platonian Bodies">
      <cmd arg="plot::Dodecahedron(#)" text="Dodecahedron"/>
      <cmd arg="plot::Hexahedron(#)" text="Hexahedron"/>
      <cmd arg="plot::Icosahedron(#)" text="Icosahedron"/>
      <cmd arg="plot::Octahedron(#)" text="Octahedron"/>
      <cmd arg="plot::Tetrahedron(#)" text="Tetrahedron"/>
    </menu>
   <menu text="Points, Lines and Polygons">
      <cmd arg="plot::Line2d(#)" text="2D Line"/>
      <cmd arg="plot::Point2d(#)" text="2D Points"/>
      <cmd arg="plot::Polygon2d(#)" text="2D Polygon"/>
      <sep/>
      <cmd arg="plot::Line3d(#)" text="3D Line"/>
      <cmd arg="plot::Point3d(#)" text="3D Points"/>
      <cmd arg="plot::Polygon3d(#)" text="3D Polygon"/>
    </menu>
    <menu text="Solids of Revolution">
      <cmd arg="plot::XRotate(#)" text="Rotation along the X-Axis"/>
      <cmd arg="plot::ZRotate(#)" text="Rotation along the Z-Axis"/>
     </menu>
   <menu text="Statistical Utility Plots">
      <cmd arg="plot::Bars2d(#)" text="2D Bars"/>
      <cmd arg="plot::Boxplot(#)" text="Boxplots"/>
      <cmd arg="plot::Histogram2d(#)" text="2D Histogram"/>
      <cmd arg="plot::Listplot(#)" text="2D Plot of Lists"/>
      <cmd arg="plot::Piechart2d(#)" text="2D Piechart"/>
      <cmd arg="plot::PointList2d(#)" text="2D Point List"/>
      <cmd arg="plot::Scatterplot(#)" text="2D Scatter Plot"/>
      <sep/>
      <cmd arg="plot::Bars3d(#)" text="3D Bars"/>
      <cmd arg="plot::Piechart3d(#)" text="3D Piechart"/>
      <cmd arg="plot::PointList3d(#)" text="3D Point List"/>
   </menu>
     <sep/>
    <cmd arg="plot::Conformal(#)" text="Conformal Plot"/>
    <cmd arg="plot::Lsys(#, #, #)" text="Plot of Lindenmayer Systems"/>
    <cmd arg="plot::Turtle(#)" text="Turtle Graphics"/>
     <sep/>
    <cmd arg="?plot" text="Further Plot Objects"/>
  </menu>
</cmdbar>