<?xml version="1.0" encoding="ISO-8859-1"?>
<ui>
  <cmd name="newDocument" text="New &amp;Notebook"
    accel="Ctrl+N" icon="16/filenew.png" bigicon="32/filenew.png"
    tooltip="New Notebook" statustip="Create new, empty Notebook."/>
  <cmd name="newEditor" text="New &amp;Editor"
    accel="Ctrl+Shift+N" icon="16/filenewEdit.png" bigicon="32/filenewEdit.png"
    tooltip="New Editor" statustip="Create new, empty Editor."/>
  <cmd name="openDocument" text="&amp;Open..." icontext="Open"
    accel="Ctrl+O" icon="16/fileopen.png" bigicon="32/fileopen.png"
    tooltip="Open" statustip="Open existing Notebook."/>
<!-- Disabled
  <cmd name="reloadDocument" text="&amp;Revert" icontext="Revert"
    accel="F5" icon="16/noatunloopsong.png" bigicon="32/noatunloopsong.png"
    tooltip="Revert document" statustip="Reload this page, discard changes."/>
 -->
   <cmd name="printDocument" text="&amp;Print..." icontext="Print"
    accel="Ctrl+P" icon="16/fileprint.png"  bigicon="32/fileprint.png"
    tooltip="Print" statustip="Print current help topic."/>
  <cmd name="pageStyle" text="Page &amp;Format..."
    tooltip="Page Format" statustip="Change page format."/>
  <cmd name="closeDocument" text="&amp;Close" accel="Ctrl+W"
    icon="16/helpClose.png" bigicon="32/helpClose.png"
    tooltip="Close" statustip="Close help window."/>
  <cmd name="exitApp" text="E&amp;xit"
    accel="Ctrl+Q" tooltip="Exit" statustip="Exit MuPAD."/>
  <cmd name="editCopy" text="&amp;Copy"
    accel="Ctrl+C" icon="16/editcopy.png" bigicon="32/editcopy.png"
    tooltip="Copy" statustip="Copy current selection to the clipboard."/>
  <cmd name="editCopyInputToNotebook" text="Copy &amp;Input To Notebook"
    icon="16/copyInput.png" bigicon="32/copyInput.png"
    tooltip="Copy Input To Notebook" accel="Ctrl+Shift+C"
    statustip="Copy the input of the calculation to the active Notebook."/>
  <cmd name="editSelectContents" text="Select Co&amp;ntents"
    accel="F7" tooltip="Select Contents"
    statustip="Select the calculation input, output, frame or table cell contents where the cursor currently is located."/>
  <cmd name="editSelectRegion" text="S&amp;elect Region"
    accel="Shift+F7" tooltip="Select Region"
    statustip="Select the calculation, frame or table where the cursor currently is located."/>
  <cmd name="addHelpBookmark" text="Add &amp;Bookmark..."
    icon="16/bookmark_add.png" bigicon="32/bookmark_add.png"
    tooltip="Add Bookmark" statustip="Add a bookmark for the current help topic."/>
  <cmd name="editFind" text="&amp;Find in Topic..."
    accel="Ctrl+F" tooltip="Find in Topic"
    statustip="Show find bar which allows to find a text in the current help topic."/>
  <cmd name="editFindAgain" text="Find &amp;Again" accel="F3" macaccel="Ctrl+G"
    tooltip="Find Again" statustip="Repeat last text search in current help topic."/>
  <cmd name="goBack" text="&amp;Back"
    accel="Alt+Left" icon="16/back.png" bigicon="32/back.png"
    tooltip="Go Back" statustip="Go back to the help topic viewed before this one."/>
  <cmd name="goForward" text="&amp;Forward"
    accel="Alt+Right" icon="16/forward.png" bigicon="32/forward.png"
    tooltip="Go Forward" statustip="Go forward to the help topic viewed after this one."/>
  <cmd name="wrapToWindow" text="&amp;Wrap To Window"
    tooltip="Wrap To Window"
    statustip="Wrap Notebook contents to window or paper size."/>
  <cmd name="findNextInput" text="Next Input" accel="Alt+Down"
    tooltip="Next Input"
    statustip="Go to next calculation input."/>
  <cmd name="findPreviousInput" text="Previous Input" accel="Alt+Up"
    tooltip="Previous Input"
    statustip="Go to previous calculation input."/>
  <cmd name="findNextCalculation" text="Next Calculation" accel="Ctrl+Down"
    tooltip="Next Calculation"
    statustip="Go to next calculation."/>
  <cmd name="findPreviousCalculation" text="Previous Calculation" accel="Ctrl+Up"
    tooltip="Previous Calculation"
    statustip="Go to previous calculation."/>
  <cmd name="showHelpContentPane" text="&amp;Contents"
    tooltip="Show Contents" statustip="Show help contents in help browser."/>
  <cmd name="showHelpCommandsPane" text="C&amp;ommands"
    tooltip="Show Commands" statustip="Show commands index in help browser."/>
  <cmd name="showHelpTopicsPane" text="&amp;Topics"
    tooltip="Show Topics" statustip="Show help topics in help browser."/>
  <cmd name="showHelpBookmarksPane" text="&amp;Bookmarks"
    tooltip="Show Bookmarks" statustip="Show bookmarks in help browser."/>
  <cmd name="showHelpSearchPane" text="&amp;Search"
    tooltip="Show Search Tool" statustip="Show text search tool in help browser."/>
  <cmd name="showToolbar" arg="standardTextBar"
       text="Tool&amp;bar" tooltip="Show Toolbar"
    statustip="Show or hide toolbar."/>
  <cmd name="showToolbar" arg="standardPlotBar"
    text="&amp;Standard" tooltip="Show Standard Toolbar"
    statustip="Show or hide standard toolbar."/>
  <cmd name="showToolbar" arg="formatBar"
    text="&amp;Format" tooltip="Show Format Toolbar"
    statustip="Show or hide format toolbar."/>
  <cmd name="showToolbar" arg="tools2dBar" modes="plot2d"
    text="&amp;Tools" tooltip="Show Tools Toolbar"
    statustip="Show or hide tools toolbar."/>
  <cmd name="showToolbar" arg="tools3dBar" modes="plot3d"
    text="&amp;Tools" tooltip="Show Tools Toolbar"
    statustip="Show or hide tools toolbar."/>
  <cmd name="showToolbar" arg="animationBar" modes="animated"
    text="&amp;Animation" tooltip="Show Animation Toolbar"
    statustip="Show or hide animation toolbar."/>
  <cmd name="showToolbar" arg="actionBar" modes="plot3d"
    text="A&amp;ctions" tooltip="Show Actions Toolbar"
    statustip="Show or hide actions toolbar."/>
  <cmd name="showStatusBar" text="St&amp;atus Bar"
    tooltip="Show Status Bar"
    statustip="Show or hide status bar at bottom of window."/>
  <cmd name="helpIncreaseTextSize" text="&amp;Increase"
    tooltip="Increase Text Size" statustip="Increase help text size."/>
  <cmd name="helpDecreaseTextSize" text="&amp;Decrease"
    tooltip="Decrease Text Size" statustip="Decrease help text size."/>
  <cmd name="helpNormalTextSize" text="&amp;Normal"
    tooltip="Normal Text Size" statustip="Change help text to its normal size."/>
  <cmd name="configureApp" text="Co&amp;nfigure..."
    icon="16/control.png" bigicon="32/control.png"
    tooltip="Configure" statustip="Configure user settings."/>
  <cmd name="contextHelp" text="Context &amp;Help" icontext="Help"
    icon="16/contextHelp.png" bigicon="32/contextHelp.png"
    accel="Shift+F1" tooltip="Context Help"
    statustip="Switch to context help mode."/>
  <cmd name="showHelpBrowser" text="&amp;Selected Command" accel="F1"
    statustip="Show help about the selected command in help browser."/>
  <!-- help URLs -->
  <cmd name="showHelpPage" arg="getstarted.muphlp/index.xml"
    text="&amp;Contents" tooltip="Help Contents"
    statustip="Show contents of online help in help browser."/>
  <cmd name="aboutBox" text="&amp;About MuPAD..."
    tooltip="About MuPAD"
    statustip="Show MuPADs about box, which contains version informations."/>
  <!-- Plot commands begin -->
  <cmd name="exportPlotDocument" modes="plot" text="&amp;Export Graphics..."
    tooltip="Export Graphics" statustip="Export graphics to a seperate file and format."/>
  <cmd name="editPlotCmdToClipboard" text="C&amp;ommand to Clipboard"
    statustip="Copy plot command for active graphics to clipboard."/>
  <cmd name="editPlotCmdToNotebook" text="Command to &amp;Notebook"
    statustip="Insert plot command for active graphics into Notebook."/>
  <cmd name="viewPlotReset" text="&amp;Reset"
    icon="16/viewPlotReset.png" bigicon="32/viewPlotReset.png"
    tooltip="Reset View" statustip="Reset graphics view to its original state."/>
  <cmd name="viewPlot3dFitToContents" modes="plot3d" text="&amp;Fit to Contents"
    tooltip="Fit to Contents"
    icon="16/viewPlotFitToContents.png" bigicon="32/viewPlotFitToContents.png"
    statustip="Change graphics view to fit into its content rectangle."/>
  <cmd name="insertPlot3dCamera" text="&amp;Camera"
    statustip="Insert new camera into the current 3D scene."/>
  <cmd name="insertPlot3dAmbientLight" text="&amp;Ambient Light"
    statustip="Insert new ambient light into the current 3D scene."/>
  <cmd name="insertPlot3dDistantLight" text="&amp;Distant Light"
    statustip="Insert new distant light into the current 3D scene."/>
  <cmd name="insertPlot3dPointLight" text="&amp;Point Light"
    statustip="Insert new point light into the current 3D scene."/>
  <cmd name="insertPlot3dSpotLight" text="&amp;Spot Light"
    statustip="Insert new spot light into the current 3D scene."/>
  <cmd name="toolPlot2dQuery" text="&amp;Coordinates" tooltip="Coordinates"
    icon="16/queryTool.png" bigicon="32/queryTool.png"
    statustip="Drag mouse in graphics to query coordinate values."/>
  <cmd name="toolPlot2dZoomIn" text="Zoom &amp;In" tooltip="Zoom In"
    icon="16/zoomInTool.png" bigicon="32/zoomInTool.png"
    statustip="Click into graphics to zoom in."/>
  <cmd name="toolPlot2dZoomOut" text="Zoom &amp;Out" tooltip="Zoom Out"
    icon="16/zoomOutTool.png" bigicon="32/zoomOutTool.png"
    statustip="Click into graphics to zoom out."/>
  <cmd name="toolPlot2dZoomBox" text="Zoom &amp;Box" tooltip="Zoom Box"
    icon="16/zoomBoxTool.png" bigicon="32/zoomBoxTool.png"
    statustip="Drag mouse in graphics to zoom into the box defined this way."/>
  <cmd name="toolPlot2dMove" text="&amp;Move" tooltip="Move"
    icon="16/moveTool.png" bigicon="32/moveTool.png"
    statustip="Drag mouse in graphics to move its viewing box."/>
  <cmd name="toolPlot3dSelect" text="&amp;Select" tooltip="Select"
    icon="16/selectTool.png" bigicon="32/selectTool.png"
    statustip="Click into graphics to select an object."/>
  <cmd name="toolPlot3dRotate" text="&amp;Rotate" tooltip="Rotate"
    icon="16/rotateTool.png" bigicon="32/rotateTool.png"
    statustip="Drag mouse in graphics to rotate it."/>
  <cmd name="toolPlot3dMove" text="&amp;Move" tooltip="Move"
    icon="16/moveTool.png" bigicon="32/moveTool.png"
    statustip="Drag mouse in graphics to move its viewing box."/>
  <cmd name="toolPlot3dZoom" text="&amp;Zoom" tooltip="Zoom"
    icon="16/zoomTool.png" bigicon="32/zoomTool.png"
    statustip="Drag mouse in graphics to zoom in or out."/>
  <cmd name="toolPlot3dQuery" text="&amp;Coordinates" tooltip="Coordinates"
    icon="16/queryTool.png" bigicon="32/queryTool.png"
    statustip="Drag mouse in graphics to query object coordinates."/>
  <cmd name="actionPlot3dRotateLeft" text="Rotate &amp;Left" tooltip="Rotate Left"
    icon="16/rotateLeft.png" bigicon="32/rotateLeft.png"
    statustip="Start or stop auto-rotation of the scene to the left."/>
  <cmd name="actionPlot3dRotateRight" text="Rotate &amp;Right" tooltip="Rotate Right"
    icon="16/rotateRight.png" bigicon="32/rotateRight.png"
    statustip="Start or stop auto-rotation of the scene to the right."/>
  <cmd name="actionPlot3dRotateUp" text="Rotate &amp;Up" tooltip="Rotate Up"
    icon="16/rotateUp.png" bigicon="32/rotateUp.png"
    statustip="Start or stop upwards auto-rotation of the scene."/>
  <cmd name="actionPlot3dRotateDown" text="Rotate &amp;Down" tooltip="Rotate Down"
    icon="16/rotateDown.png" bigicon="32/rotateDown.png"
    statustip="Start or stop downwards auto-rotation of the scene."/>
  <cmd name="actionPlot3dZoomIn" text="Zoom &amp;In" tooltip="Zoom In"
    icon="16/viewmag+.png" bigicon="32/viewmag+.png"
    statustip="Start or stop auto-zooming into the scene."/>
  <cmd name="actionPlot3dZoomOut" text="Zoom &amp;Out" tooltip="Zoom Out"
    icon="16/viewmag-.png" bigicon="32/viewmag-.png"
    statustip="Start or stop auto-zooming out of the scene."/>
  <cmd name="actionPlot3dSpeed8xFaster" text="&amp;8x Faster"
    statustip="Play automatic animation 8 times faster than with natural speed."/>
  <cmd name="actionPlot3dSpeed4xFaster" text="&amp;4x Faster"
    statustip="Play automatic animation 4 times faster than with natural speed."/>
  <cmd name="actionPlot3dSpeed2xFaster" text="&amp;2x Faster"
    statustip="Play automatic animation 2 times faster than with natural speed."/>
  <cmd name="actionPlot3dSpeedNormal" text="&amp;Natural"
    statustip="Play automatic animation with natural speed."/>
  <cmd name="actionPlot3dSpeed2xSlower" text="2x &amp;Slower"
    statustip="Play automatic animation 2 times slower than with natural speed."/>
  <cmd name="actionPlot3dSpeed4xSlower" text="4x S&amp;lower"
    statustip="Play automatic animation 4 times slower than with natural speed."/>
  <cmd name="actionPlot3dSpeed8xSlower" text="8x Sl&amp;ower"
    statustip="Play automatic animation 8 times slower than with natural speed."/>
  <cmd name="animationPlotStart" text="&amp;Play" tooltip="Play"
    icon="16/player_play.png" bigicon="32/player_play.png"
    iconon="16/player_stop.png" bigiconon="32/player_stop.png"
    statustip="Start or stop playing the animation of the graphics."/>
  <cmd name="animationPlotBegin" text="&amp;Begin" tooltip="Begin"
    icon="16/player_start.png" bigicon="32/player_start.png"
    statustip="Got to the begin of the animation sequence."/>
  <cmd name="animationPlotEnd" text="&amp;End" tooltip="End"
    icon="16/player_end.png" bigicon="32/player_end.png"
    statustip="Got to the end of the animation sequence."/>
  <cmd name="animationPlotNextStep" text="&amp;Next Step" tooltip="Next Step"
    statustip="Got to the next step of the animation sequence."/>
  <cmd name="animationPlotPreviousStep" text="Previo&amp;us Step" tooltip="Previous Step"
    statustip="Got to the previous step of the animation sequence."/>
  <cmd name="animationPlotSetTime" text="Set &amp;Time..." tooltip="Set Time"
    statustip="Got to a certain time step of the animation sequence."/>
  <cmd name="animationPlotRunOnce" text="Run &amp;Once" tooltip="Run Once"
    statustip="Run animation sequences only once, stopping at the end."/>
  <cmd name="animationPlotLoop" text="&amp;Loop" tooltip="Loop"
    statustip="Run animation sequences in a loop, restarting at the end."/>
  <cmd name="animationPlotBackAndForth" text="&amp;Back and Forth" tooltip="Back and Forth"
    statustip="Run animation sequences back and forth in a loop."/>
  <cmd name="animationPlotSpeed8xFaster" text="&amp;8x Faster"
    statustip="Play animation sequence 8 times faster than with natural speed."/>
  <cmd name="animationPlotSpeed4xFaster" text="&amp;4x Faster"
    statustip="Play animation sequence 4 times faster than with natural speed."/>
  <cmd name="animationPlotSpeed2xFaster" text="&amp;2x Faster"
    statustip="Play animation sequence 2 times faster than with natural speed."/>
  <cmd name="animationPlotSpeedNormal" text="&amp;Natural"
    statustip="Play animation sequence with natural speed."/>
  <cmd name="animationPlotSpeed2xSlower" text="2x &amp;Slower"
    statustip="Play animation sequence 2 times slower than with natural speed."/>
  <cmd name="animationPlotSpeed4xSlower" text="4x S&amp;lower"
    statustip="Play animation sequence 4 times slower than with natural speed."/>
  <cmd name="animationPlotSpeed8xSlower" text="8x Sl&amp;ower"
    statustip="Play animation sequence 8 times slower than with natural speed."/>
<!--  disabled
  <cmd name="insertCalculation" text="Insert &amp;Calculation"
    accel="Ctrl+I" tooltip="Insert Calculation"
    icon="16/insertCalc.png" bigicon="32/insertCalc.png"
    statustip="Insert calculation at the current cursor position."/>
  <cmd name="insertCalculationAbove" text="Calculation &amp;Above"
    accel="Ctrl+Shift+I" tooltip="Insert Calculation Above"
    statustip="Insert calculation above the current cursor position."/>
  <cmd name="evaluateInput" text="&amp;Evaluate&#09;Enter"
    icon="16/evaluateInput.png" bigicon="32/evaluateInput.png"
    tooltip="Evaluate" statustip="Execute the selected calculation."/>
  <cmd name="stopEvaluation" text="&amp;Stop"
    icon="16/no.png" bigicon="32/no.png"
    accel="Pause" tooltip="Stop" statustip="Stop current evaluation."/>
-->

  <!-- Plot commands end -->
  <!-- testing only <<< -->
  <menubar>
    <menu text="&amp;File">
      <menuitem cmd="newDocument"/>
      <menuitem cmd="newEditor"/>
      <menuitem cmd="openDocument"/>
      <menuitem cmd="closeDocument"/>
      <sep/>
      <menuitem cmd="printDocument"/>
      <menuitem cmd="pageStyle"/>
      <sep/>
      <menuitem cmd="exitApp"/>
    </menu>
    <menu text="&amp;Edit">
      <menuitem cmd="editCopy"/>
      <menuitem cmd="editCopyInputToNotebook"/>
      <sep/>
      <menuitem cmd="editSelectContents"/>
      <menuitem cmd="editSelectRegion"/>
      <sep/>
      <menuitem cmd="editFind"/>
      <menuitem cmd="editFindAgain"/>
      <sep/>
      <menuitem cmd="addHelpBookmark"/>
    </menu>
    <menu text="&amp;View" modes="text">
      <menuitem cmd="wrapToWindow"/>
      <sep/>
      <menuitem cmd="showHelpContentPane"/>
      <menuitem cmd="showHelpCommandsPane"/>
      <menuitem cmd="showHelpSearchPane"/>
      <menuitem cmd="showHelpTopicsPane"/>
      <menuitem cmd="showHelpBookmarksPane"/>
      <sep/>
      <menuitem cmd="showToolbar" arg="standardTextBar"/>
      <menuitem cmd="showStatusBar"/>
      <sep/>
      <menu text="T&amp;ext Size">
        <menuitem cmd="helpIncreaseTextSize"/>
        <menuitem cmd="helpDecreaseTextSize"/>
        <sep/>
        <menuitem cmd="helpNormalTextSize"/>
      </menu>
      <sep/>
      <menuitem cmd="configureApp"/>
    </menu>
    <menu text="&amp;View" modes="plot">
      <menuitem cmd="viewPlotReset"/>
      <menuitem cmd="viewPlot3dFitToContents"/>
      <sep/>
      <menu text="&amp;Toolbars">
        <menuitem cmd="showToolbar" arg="standardPlotBar"/>
        <menuitem cmd="showToolbar" arg="tools2dBar"/>
        <menuitem cmd="showToolbar" arg="tools3dBar"/>
        <menuitem cmd="showToolbar" arg="animationBar"/>
        <menuitem cmd="showToolbar" arg="actionBar"/>
      </menu>
      <menuitem cmd="showStatusBar"/>
      <sep/>
      <menuitem cmd="configureApp"/>
    </menu>
    <menu text="&amp;Navigation">
      <menuitem cmd="goBack"/>
      <menuitem cmd="goForward"/>
    </menu>
    <menu text="&amp;Tools" modes="plot2d">
      <menuitem cmd="toolPlot2dQuery"/>
      <menuitem cmd="toolPlot2dZoomIn"/>
      <menuitem cmd="toolPlot2dZoomOut"/>
      <menuitem cmd="toolPlot2dZoomBox"/>
      <menuitem cmd="toolPlot2dMove"/>
    </menu>
    <menu text="&amp;Tools" modes="plot3d">
      <menuitem cmd="toolPlot3dSelect"/>
      <sep/>
      <menuitem cmd="toolPlot3dRotate"/>
      <menuitem cmd="toolPlot3dMove"/>
      <menuitem cmd="toolPlot3dZoom"/>
      <menuitem cmd="toolPlot3dQuery"/>
    </menu>
    <menu text="&amp;Animation" modes="animated">
      <menuitem cmd="animationPlotStart"/>
      <sep/>
      <menuitem cmd="animationPlotBegin"/>
      <menuitem cmd="animationPlotEnd"/>
      <sep/>
      <menuitem cmd="animationPlotNextStep"/>
      <menuitem cmd="animationPlotPreviousStep"/>
      <menuitem cmd="animationPlotSetTime"/>
      <sep/>
      <menuitem cmd="animationPlotRunOnce"/>
      <menuitem cmd="animationPlotLoop"/>
      <menuitem cmd="animationPlotBackAndForth"/>
      <sep/>
      <menu text="Spee&amp;d">
        <menuitem cmd="animationPlotSpeed8xFaster"/>
        <menuitem cmd="animationPlotSpeed4xFaster"/>
        <menuitem cmd="animationPlotSpeed2xFaster"/>
        <menuitem cmd="animationPlotSpeedNormal"/>
        <menuitem cmd="animationPlotSpeed2xSlower"/>
        <menuitem cmd="animationPlotSpeed4xSlower"/>
        <menuitem cmd="animationPlotSpeed8xSlower"/>
      </menu>
    </menu>
    <menu text="A&amp;ctions" modes="plot3d">
      <menuitem cmd="actionPlot3dRotateRight"/>
      <menuitem cmd="actionPlot3dRotateLeft"/>
      <menuitem cmd="actionPlot3dRotateDown"/>
      <menuitem cmd="actionPlot3dRotateUp"/>
      <menuitem cmd="actionPlot3dZoomIn"/>
      <menuitem cmd="actionPlot3dZoomOut"/>
      <sep/>
      <menu text="&amp;Speed">
        <menuitem cmd="actionPlot3dSpeed8xFaster"/>
        <menuitem cmd="actionPlot3dSpeed4xFaster"/>
        <menuitem cmd="actionPlot3dSpeed2xFaster"/>
        <menuitem cmd="actionPlot3dSpeedNormal"/>
        <menuitem cmd="actionPlot3dSpeed2xSlower"/>
        <menuitem cmd="actionPlot3dSpeed4xSlower"/>
        <menuitem cmd="actionPlot3dSpeed8xSlower"/>
      </menu>
    </menu>
    <menu text="&amp;Help">
      <menuitem cmd="showHelpPage" arg="getstarted.muphlp/index.xml"/>
      <menuitem cmd="showHelpBrowser"/>
      <menuitem cmd="contextHelp"/>
      <sep/>
      <menuitem cmd="aboutBox"/>
    </menu>
  </menubar>
  <toolbar name="standardTextBar" label="Toolbar" modes="text">
    <button cmd="printDocument"/>
    <sep/>
    <button cmd="editCopy"/>
    <button cmd="editCopyInputToNotebook"/>
    <sep/>
    <button cmd="goBack"/>
    <button cmd="goForward"/>
    <sep/>
    <button cmd="addHelpBookmark"/>
    <sep/>
    <button cmd="contextHelp"/>
  </toolbar>
  <toolbar name="standardPlotBar" label="Standard Toolbar" modes="plot">
    <button cmd="viewPlotReset"/>
    <button cmd="viewPlot3dFitToContents"/>
<!--  gibts hier leider nicht
    <button cmd="showPlotObjects"/>
    <button cmd="showPlotCameraControl"/>
    <sep/>
    <button cmd="editUndo"/>
    <button cmd="editRedo"/>
    <sep/>
    <button cmd="viewPlotRecalculate"/>
    <button cmd="viewPlotStopRecalculate"/>
-->
    <sep/>
    <button cmd="contextHelp"/>
  </toolbar>
  <toolbar name="tools2dBar" label="Tools Toolbar" modes="plot2d">
    <!-- The label can not be '2D Tools' or 'Tools 2D' because of a Qt4 bug in rc1-20050506. -->
    <button cmd="toolPlot2dQuery"/>
    <button cmd="toolPlot2dZoomIn"/>
    <button cmd="toolPlot2dZoomOut"/>
    <button cmd="toolPlot2dZoomBox"/>
    <button cmd="toolPlot2dMove"/>
  </toolbar>
  <toolbar name="tools3dBar" label="Tools Toolbar" modes="plot3d">
    <button cmd="toolPlot3dSelect"/>
    <button cmd="toolPlot3dRotate"/>
    <button cmd="toolPlot3dMove"/>
    <button cmd="toolPlot3dZoom"/>
    <button cmd="toolPlot3dQuery"/>
  </toolbar>
  <toolbar name="animationBar" label="Animation Toolbar" modes="animated">
    <button cmd="animationPlotBegin"/>
    <button cmd="animationPlotStart"/>
    <widget cmd="animationPlotTimeSlider"/>
    <button cmd="animationPlotEnd"/>
    <sep/>
    <menubutton tooltip="Repetition"
      icon="16/noatunloopsong.png" bigicon="32/noatunloopsong.png"
      statustip="Choose the repetition mode for playing animations.">
      <menuitem cmd="animationPlotRunOnce"/>
      <menuitem cmd="animationPlotLoop"/>
      <menuitem cmd="animationPlotBackAndForth"/>
    </menubutton>
    <menubutton tooltip="Speed"
      icon="16/player_fwd.png" bigicon="32/player_fwd.png"
      statustip="Choose the playing speed for animations.">
      <menuitem cmd="animationPlotSpeed8xFaster"/>
      <menuitem cmd="animationPlotSpeed4xFaster"/>
      <menuitem cmd="animationPlotSpeed2xFaster"/>
      <menuitem cmd="animationPlotSpeedNormal"/>
      <menuitem cmd="animationPlotSpeed2xSlower"/>
      <menuitem cmd="animationPlotSpeed4xSlower"/>
      <menuitem cmd="animationPlotSpeed8xSlower"/>
    </menubutton>
  </toolbar>
  <toolbar name="actionBar" label="Actions Toolbar" modes="plot3d">
    <button cmd="actionPlot3dRotateRight"/>
    <button cmd="actionPlot3dRotateLeft"/>
    <button cmd="actionPlot3dRotateDown"/>
    <button cmd="actionPlot3dRotateUp"/>
    <button cmd="actionPlot3dZoomIn"/>
    <button cmd="actionPlot3dZoomOut"/>
    <sep/>
    <menubutton tooltip="Speed"
      icon="16/player_fwd.png" bigicon="32/player_fwd.png"
      statustip="Choose the playing speed for automatic animations.">
      <menuitem cmd="actionPlot3dSpeed8xFaster"/>
      <menuitem cmd="actionPlot3dSpeed4xFaster"/>
      <menuitem cmd="actionPlot3dSpeed2xFaster"/>
      <menuitem cmd="actionPlot3dSpeedNormal"/>
      <menuitem cmd="actionPlot3dSpeed2xSlower"/>
      <menuitem cmd="actionPlot3dSpeed4xSlower"/>
      <menuitem cmd="actionPlot3dSpeed8xSlower"/>
    </menubutton>
  </toolbar>
</ui>
