<?xml version="1.0" encoding="ISO-8859-1"?>
<ui>
  <cmd name="newDocument" text="New &amp;Notebook"
    accel="Ctrl+N" icon="16/filenew.png" bigicon="32/filenew.png"
    tooltip="New Notebook" statustip="Create new, empty Notebook."/>
  <cmd name="newEditor" text="New &amp;Editor"
    accel="Ctrl+Shift+N" icon="16/filenewEdit.png" bigicon="32/filenewEdit.png"
    tooltip="New Editor" statustip="Create new, empty Editor."/>
  <cmd name="openDocument" text="&amp;Open..." icontext="Open"
    accel="Ctrl+O" icon="16/fileopen.png" bigicon="32/fileopen.png"
    tooltip="Open" statustip="Open existing document."/>
  <cmd name="importDocument" text="&amp;Import..."
    tooltip="Import" statustip="Import existing document of foreign format."/>
  <cmd name="saveDocument" text="&amp;Save"
    accel="Ctrl+S" icon="16/filesave.png" bigicon="32/filesave.png"
    tooltip="Save" statustip="Save active Notebook."/>
  <cmd name="saveDocumentAs" text="Save &amp;As..." accel="Ctrl+Shift+S"
    tooltip="Save As" statustip="Save active Notebook under a new name."/>
  <cmd name="exportDocument" text="E&amp;xport..."
    tooltip="Export" statustip="Export active Notebook under a new name and document format."/>
  <cmd name="documentProperties" text="P&amp;roperties..."
    icon="16/attach.png" bigicon="32/attach.png"
    tooltip="Properties" statustip="Change the properties of the active Notebook."/>
  <cmd name="printDocument" text="&amp;Print..." icontext="Print"
    accel="Ctrl+P" icon="16/fileprint.png"  bigicon="32/fileprint.png"
    tooltip="Print" statustip="Print active Notebook."/>
  <cmd name="closeDocument" text="&amp;Close"  accel="Ctrl+W"
    icon="16/editClose.png" bigicon="32/editClose.png"
    tooltip="Close" statustip="Close active Notebook."/>
  <cmd name="exitApp" text="Exi&amp;t"
    accel="Ctrl+Q" tooltip="Exit" statustip="Exit MuPAD."/>
  <cmd name="configureApp" text="&amp;Configure..."
    icon="16/control.png" bigicon="32/control.png"
    tooltip="Configure" statustip="Configure user settings."/>
  <cmd name="editUndo" text="&amp;Undo"
    accel="Ctrl+Z" icon="16/undo.png" bigicon="32/undo.png"
    tooltip="Undo" statustip="Undo last operation."/>
  <cmd name="editRedo" text="&amp;Redo"
    accel="Ctrl+Y" icon="16/redo.png" bigicon="32/redo.png"
    tooltip="Redo" statustip="Redo operation which was undone before."/>
  <cmd name="editCut" text="Cu&amp;t"
    accel="Ctrl+X" icon="16/editcut.png" bigicon="32/editcut.png"
    tooltip="Cut"
    statustip="Remove current selection and put it onto the clipboard."/>
  <cmd name="editCopy" text="&amp;Copy"
    accel="Ctrl+C" icon="16/editcopy.png" bigicon="32/editcopy.png"
    tooltip="Copy" statustip="Copy current selection to the clipboard."/>
  <cmd name="editPaste" text="&amp;Paste"
    accel="Ctrl+V" icon="16/editpaste.png" bigicon="32/editpaste.png"
    tooltip="Paste" statustip="Paste clipboard contents into the Notebook."/>
  <cmd name="editPasteNative" text="&amp;Native Format"
    tooltip="Paste native format" statustip="Paste clipboard contents as native format into the Notebook."/>
  <cmd name="editPasteRTF" text="&amp;Rich Text Format (RTF)"
    tooltip="Paste RTF format" statustip="Paste RTF from the clipboard into the Notebook."/>
  <cmd name="editPasteHTML" text="&amp;HTML"
    tooltip="Paste HTML format" statustip="Paste HTML from the clipboard into the Notebook."/>
  <cmd name="editPastePlain" text="&amp;Plain Text"
    tooltip="Paste plain text" statustip="Paste plain text from the clipboard into the Notebook."/>
  <cmd name="editPasteURL" text="&amp;File Path"
    tooltip="Paste files or pathes" statustip="Paste files or file pathes from the clipboard into the Notebook."/>
  <cmd name="editPasteGraphic" text="&amp;Image"
    tooltip="Paste image" statustip="Paste an image from the clipboard into the Notebook."/>
  <cmd name="editPasteQueryList" text="&amp;Paste"
    tooltip="Paste Coordinate List" statustip="Paste current coordinate list into the Notebook."/>
  <cmd name="editClearQueryList" text="&amp;Clear"
    tooltip="Clear Coordinate List" statustip="Remove all entries in the coordinate list."/>
  <cmd name="putQueryListToClipboard" text="&amp;Copy to clipboard as MuPAD List"
    tooltip="Copy Coordinate List to Clipboard as MuPAD List" statustip="Copy coordinate list to the global clipboard as MuPAD List."/>
  <cmd name="putQueryListToClipboardAsCSV" text="&amp;Copy to clipboard as CSV"
    tooltip="Copy Coordinate List as CSV to Clipboard" statustip="Copy coordinate list as CSV to the global clipboard."/>
  <cmd name="editSelectAll" text="&amp;Select All"
    accel="Ctrl+A" tooltip="Select All"
    statustip="Select all text in the Notebook."/>
  <cmd name="editSelectContents" text="Select Co&amp;ntents"
    accel="F7" tooltip="Select Contents"
    statustip="Select the calculation input, output, frame or table cell contents where the cursor currently is located."/>
  <cmd name="editSelectRegion" text="S&amp;elect Region"
    accel="Shift+F7" tooltip="Select Region"
    statustip="Select the calculation, frame or table where the cursor currently is located."/>
  <cmd name="editDeleteOutput" text="Delete &amp;Output"
    tooltip="Delete Output"
    statustip="Delete the output of the calculation where the cursor currently is located."/>
  <cmd name="editDeleteAnyOutput" text="Delete &amp;Any Output"
    tooltip="Delete Any Output"
    statustip="Delete the output of any calculation in the Notebook."/>
  <cmd name="editDelete" text="&amp;Delete" tooltip="Delete"
    statustip="Delete selected text or item."/>
  <cmd name="completeWord" text="Complete &amp;Word"
    accel="Ctrl+Space" macaccel="Esc" tooltip="Complete Word"
    statustip="Auto-complete command word at selection."/>
  <cmd name="findNextPlaceholder" text="&amp;Next Placeholder&#09;Tab"
    tooltip="Next Placeholder"
    statustip="Go to next calculation input or placeholder."/>
  <cmd name="findPreviousPlaceholder" text="&amp;Previous Placeholder&#09;Shift+Tab"
    tooltip="Previous Placeholder"
    statustip="Go to previous calculation input or placeholder."/>
  <cmd name="findNextInput" text="Next Input" accel="Alt+Down"
    tooltip="Next Input"
    statustip="Go to next calculation input."/>
  <cmd name="findPreviousInput" text="Previous Input" accel="Alt+Up"
    tooltip="Previous Input"
    statustip="Go to previous calculation input."/>
  <cmd name="findNextCalculation" text="Next Calculation" accel="Ctrl+Down"
    tooltip="Next Calculation"
    statustip="Go to next calculation."/>
  <cmd name="findPreviousCalculation" text="Previous Calculation" accel="Ctrl+Up"
    tooltip="Previous Calculation"
    statustip="Go to previous calculation."/>
  <cmd name="editReplace" text="&amp;Find and Replace..."
    accel="Ctrl+F" tooltip="Find"
    statustip="Show the find and replace sidebar."/>
  <cmd name="editFindAgain" text="Find &amp;Again"
    accel="F3" macaccel="Ctrl+G" tooltip="Find Again"
    statustip="Repeat last text search."/>
  <cmd name="editToggleGreek" text="Toggle &amp;Greek" accel="Ctrl+G" macaccel="Meta+G"
    statustip="Toggle latin letter to greek letter and vice versa."/>
  <cmd name="wrapToWindow" text="&amp;Wrap To Window"
    tooltip="Wrap To Window"
    statustip="Wrap Notebook contents to window or paper size."/>
  <cmd name="refreshView" text="&amp;Refresh"
    accel="F5" tooltip="Refresh"
    statustip="Refresh Notebook display."/>
  <cmd name="markLinktargets" text="&amp;Highlight Link Targets"
    tooltip="Highlight Link Targets"
    statustip="Highlight link targets in this document."/>
  <cmd name="showCommandBar" text="&amp;Command Bar"
    tooltip="Show Command Bar" statustip="Show the command sidebar."/>
  <cmd name="showFindBar" text="&amp;Find and Replace Bar"
    tooltip="Show Find and Replace Bar" statustip="Show the Find and Replace sidebar."/>
  <cmd name="showToolbar" arg="standardTextBar"
    text="&amp;Standard" tooltip="Show Standard Toolbar"
    statustip="Show or hide standard toolbar."/>
  <cmd name="showToolbar" arg="standardPlotBar"
    text="&amp;Standard" tooltip="Show Standard Toolbar"
    statustip="Show or hide standard toolbar."/>
  <cmd name="showToolbar" arg="formatBar"
    text="&amp;Format" tooltip="Show Format Toolbar"
    statustip="Show or hide format toolbar."/>
  <cmd name="showToolbar" arg="tools2dBar" modes="plot2d"
    text="&amp;Tools" tooltip="Show Tools Toolbar"
    statustip="Show or hide tools toolbar."/>
  <cmd name="showToolbar" arg="tools3dBar" modes="plot3d"
    text="&amp;Tools" tooltip="Show Tools Toolbar"
    statustip="Show or hide tools toolbar."/>
  <cmd name="showToolbar" arg="animationBar" modes="animated"
    text="&amp;Animation" tooltip="Show Animation Toolbar"
    statustip="Show or hide animation toolbar."/>
  <cmd name="showToolbar" arg="actionBar" modes="plot3d"
    text="A&amp;ctions" tooltip="Show Actions Toolbar"
    statustip="Show or hide actions toolbar."/>
  <cmd name="showStatusBar" text="&amp;Status Bar"
    tooltip="Show Status Bar"
    statustip="Show or hide status bar at bottom of window."/>
  <cmd name="insertCalculation" text="&amp;Calculation"
    accel="Ctrl+I" tooltip="Insert Calculation"
    icon="16/insertCalc.png" bigicon="32/insertCalc.png"
    statustip="Insert calculation at the current cursor position."/>
  <cmd name="insertCalculationAbove" text="Calculation &amp;Above"
    accel="Ctrl+Shift+I" tooltip="Insert Calculation Above"
    statustip="Insert calculation above the current cursor position."/>
  <cmd name="insertParagraph" text="&amp;Text Paragraph"
    accel="Ctrl+T" tooltip="Insert Text Paragraph"
    icon="16/insertPara.png" bigicon="32/insertPara.png"
    statustip="Insert text paragraph at the current cursor position."/>
  <cmd name="insertParagraphAbove" text="Text Paragraph A&amp;bove"
    accel="Ctrl+Shift+T" tooltip="Insert Text Paragraph Above"
    statustip="Insert text paragraph above the current cursor position."/>
  <cmd name="insertImage" text="&amp;Image..."
    tooltip="Insert Image"
    statustip="Insert image at current cursor position."/>
  <cmd name="insertLink" text="&amp;Link..."
    icon="16/link.png" bigicon="32/link.png"
    tooltip="Insert Link"
    statustip="Insert link at the current cursor position."/>
  <cmd name="insertLinktarget" text="Lin&amp;k Target..."
    icon="16/linkTarget.png" bigicon="32/linkTarget.png"
    tooltip="Insert Link Target"
    statustip="Insert link target at current cursor position."/>
  <cmd name="insertTable" text="&amp;Table..."
    tooltip="Insert Table"
    statustip="Insert table at the current cursor position."/>
  <cmd name="insertFrame" text="&amp;Frame"
    tooltip="Insert Frame"
    statustip="Insert frame at the current cursor position."/>
  <cmd name="insertTableRow" text="Insert &amp;Row"
    tooltip="Insert Table Row"
    statustip="Insert a row into the table at the current cursor position."/>
  <cmd name="insertTableColumn" text="Insert &amp;Column"
    tooltip="Insert Table Column"
    statustip="Insert a column into the table at the current cursor position."/>
  <cmd name="deleteTableRow" text="Delete Ro&amp;w"
    tooltip="Delete Table Row"
    statustip="Delete the row of the table at the current cursor position."/>
  <cmd name="deleteTableColumn" text="Delete C&amp;olumn"
    tooltip="Delete Table Column"
    statustip="Delete the column of the table at the current cursor position."/>
  <cmd name="insertLineBreak" text="Line B&amp;reak&#09;Ctrl+Enter"
    tooltip="Insert Line Break"
    statustip="Insert a line break at the current cursor position."/>
  <cmd name="insertFilePath" text="File &amp;Path..."
    tooltip="Insert File Path"
    statustip="Insert a files path in MuPAD language syntax at the current cursor position."/>
  <cmd name="textBold" text="&amp;Bold"
    icon="16/textBold.png" bigicon="32/textBold.png"
    tooltip="Bold" statustip="Format text bold."/>
  <cmd name="textItalic" text="&amp;Italic"
    icon="16/textItalic.png" bigicon="32/textItalic.png"
    tooltip="Italic" statustip="Format text italic."/>
  <cmd name="textUnderline" text="&amp;Underline"
    icon="16/textUnderline.png" bigicon="32/textUnderline.png"
    tooltip="Underline" statustip="Underline text."/>
  <cmd name="textColor" text="&amp;Color..." icontext="Color"
    icon="16/colorize.png" bigicon="32/colorize.png"
    tooltip="Color" statustip="Set text color."/>
  <cmd name="textSubScript" text="Subscript"
    icon="16/textSub.png" bigicon="32/textSub.png"
    tooltip="Subscript" statustip="Format text as subscript."/>
  <cmd name="textSuperScript" text="Superscript"
    icon="16/textSuper.png" bigicon="32/textSuper.png"
    tooltip="Superscript" statustip="Format text as superscript."/>
  <cmd name="textIncreaseSize" text="&amp;Increase Size"
    icon="16/increaseFontSize.png" bigicon="32/increaseFontSize.png"
    tooltip="Increase Size" statustip="Increase size of text characters."/>
  <cmd name="textDecreaseSize" text="&amp;Decrease Size"
    icon="16/decreaseFontSize.png" bigicon="32/decreaseFontSize.png"
    tooltip="Decrease Size" statustip="Decrease size of text characters."/>
  <cmd name="paraAlignJustify" text="&amp;Align Justified" icontext="Justified"
    icon="16/alignJustify.png" bigicon="32/alignJustify.png"
    tooltip="Align Justified" statustip="Align text of paragraph justified."/>
  <cmd name="paraAlignLeft" text="Align &amp;Left" icontext="Left"
    icon="16/alignLeft.png" bigicon="32/alignLeft.png"
    tooltip="Align Left" statustip="Align text of paragraph to the left."/>
  <cmd name="paraAlignRight" text="Align &amp;Right" icontext="Right"
    icon="16/alignRight.png" bigicon="32/alignRight.png"
    tooltip="Align Right" statustip="Align text of paragraph to the right."/>
  <cmd name="paraAlignCenter" text="Align C&amp;enter" icontext="Center"
    icon="16/alignCenter.png" bigicon="32/alignCenter.png"
    tooltip="Align Center" statustip="Align text of paragraph at the center."/>
  <cmd name="textStyle" text="&amp;Characters..."
    tooltip="Character Format" statustip="Change character format for selected text."/>
  <cmd name="mathStyle" text="&amp;Math..."
    tooltip="Math Format" statustip="Change math format for selected formulas."/>
  <cmd name="paraStyle" text="&amp;Paragraph..."
    tooltip="Paragraph Format" statustip="Change paragraph format."/>
  <cmd name="calcStyle" text="Calc&amp;ulation..."
    tooltip="Calculation Format" statustip="Change calculation format."/>
  <cmd name="tableStyle" text="&amp;Table..."
    tooltip="Table Format" statustip="Change table format."/>
  <cmd name="frameStyle" text="&amp;Frame..."
    tooltip="Frame Format" statustip="Change frame format."/>
  <cmd name="pageStyle" text="P&amp;age..."
    tooltip="Page Format" statustip="Change page format."/>
  <cmd name="defaultStyles" text="&amp;Defaults..."
    icon="16/controlDefaults.png" bigicon="32/controlDefaults.png"
    tooltip="Default Formats" statustip="Change default formats."/>
  <cmd name="evaluateInput" text="&amp;Evaluate"
    icon="16/evaluateInput.png" bigicon="32/evaluateInput.png"
    tooltip="Evaluate" statustip="Execute the selected calculation."/>
  <cmd name="evaluateFromBegin" text="Evaluate &amp;From Beginning"
    icon="16/evaluateFromBegin.png" bigicon="32/evaluateFromBegin.png"
    tooltip="Evaluate From Beginning"
    statustip="Execute all calculations from the Notebooks beginning up to the current cursor position."/>
  <cmd name="evaluateToEnd" text="Evaluate &amp;To End"
    icon="16/evaluateToEnd.png" bigicon="32/evaluateToEnd.png"
    tooltip="Evaluate To End"
    statustip="Execute all calculations from the current cursor position to the Notebooks end."/>
  <cmd name="evaluateAny" text="Evaluate &amp;All"
    icon="16/evaluateAny.png" bigicon="32/evaluateAny.png"
    tooltip="Evaluate All"
    statustip="Execute all calculations of the Notebook."/>
  <cmd name="evaluateDebug" text="&amp;Debug..."
    icon="16/bug.png" bigicon="32/bug.png"
    tooltip="Debug"
    statustip="Debug the execution of a procedure call."/>
  <cmd name="readCommands" text="&amp;Read Commands..."
    tooltip="Read Commands"
    statustip="Read and execute commands from a source file."/>
  <cmd name="stopEvaluation" text="&amp;Stop"
    icon="16/no.png" bigicon="32/no.png"
    accel="Pause" tooltip="Stop" statustip="Stop current evaluation."/>
  <cmd name="typesetMathOutput" text="Typeset &amp;Math"
    tooltip="Typeset Math" statustip="Toggle typeseting of math output in calculations.">
    <help>This command toggles the typesetting of math formulas in the output of calculations on or off.</help>
  </cmd>
  <cmd name="prettyPrintOutput" text="&amp;Pretty Print"
    tooltip="Pretty Print" statustip="Toggle pretty-printing of text output in calculations.">
    <help>Pretty-printing is the &quot;simulation&quot; of typesetting of math formulas during plain text output. This command toggles pretty-printing for the plain text output of calculations on or off. It is the equivalent to MuPADs variable PRETTYPRINT.</help>
  </cmd>
  <cmd name="setTextWidth" text="Text &amp;Width..."
    tooltip="Text Width" statustip="Set line width of text output in calculations.">
    <help>Defines the line width when outputting plain text in calculations. This is equivalent to MuPADs variable TEXTWIDTH.</help>
  </cmd>
  <cmd name="startKernel" text="Start En&amp;gine"
    tooltip="Start Engine"
    statustip="Start MuPAD Engine."/>
  <cmd name="disconnectKernel" text="Dis&amp;connect"
    tooltip="Disconnect"
    statustip="Disconnect from MuPAD engine."/>
  <cmd name="contextHelp" text="Context &amp;Help" icontext="Context Help"
    icon="16/contextHelp.png" bigicon="32/contextHelp.png"
    accel="Shift+F1" tooltip="Context Help"
    statustip="Switch to context help mode."/>
  <cmd name="showHelpBrowser" text="&amp;Open Help" icontext="Help"
    icon="16/help.png" bigicon="32/help.png"
    accel="F1" tooltip="Open Help" statustip="Open the help browser."/>
  <cmd name="showHelpCommands" text="Co&amp;mmands" tooltip="Help Commands"
    statustip="Show commands pane in help browser."/>
  <cmd name="showHelpPage" arg="getstarted.muphlp/index.xml"
    text="&amp;Contents" tooltip="Help Contents"
    statustip="Show contents of online help in help browser."/>
  <cmd name="aboutBox" text="&amp;About MuPAD..."
    tooltip="About MuPAD"
    statustip="Show MuPADs about box, which contains version informations."/>
  <!-- Plot commands begin -->
  <cmd name="exportPlotDocument" modes="plot" text="Export &amp;Graphics..."
    tooltip="Export Graphics" statustip="Export graphics to a seperate file and format."/>
  <cmd name="editPlotCopy" text="&amp;Copy Graphics"
    accel="Ctrl+C" statustip="Copies the graphics to the clipboard."/>
  <cmd name="editPlotSize" text="Change &amp;Size..."
    statustip="Change the size of the active graphics."/>
  <cmd name="editPlotCmdToClipboard" text="C&amp;ommand to Clipboard"
    statustip="Copy plot command for active graphics to clipboard."/>
  <cmd name="editPlotCmdToNotebook" text="Command to &amp;Notebook"
    statustip="Insert plot command for active graphics into Notebook."/>
  <cmd name="viewPlotReset" text="&amp;Reset"
    icon="16/viewPlotReset.png" bigicon="32/viewPlotReset.png"
    tooltip="Reset View" statustip="Reset graphics view to its original state."/>
  <cmd name="viewPlot3dFitToContents" modes="plot3d" text="&amp;Fit to Contents"
    tooltip="Fit to Contents"
    icon="16/viewPlotFitToContents.png" bigicon="32/viewPlotFitToContents.png"
    statustip="Change graphics view to fit into its content rectangle."/>
  <cmd name="viewPlotRecalculate" text="R&amp;ecalculate"
    icon="16/evaluateInput.png" bigicon="32/evaluateInput.png"
    tooltip="Recalculate" statustip="Recalculate graphics according to current properties."/>
  <cmd name="viewPlotStopRecalculate" text="St&amp;op Recalculate"
    icon="16/no.png" bigicon="32/no.png"
    tooltip="Stop Recalculate" statustip="Stop recalculation of graphics."/>
  <cmd name="viewPlotHideDefaults" text="&amp;Hide Defaults" tooltip="Hide Defaults"
    statustip="Hide the default properties in the graphics object browser sidebar."/>
  <cmd name="showPlotObjects" text="Object &amp;Browser" tooltip="Object Browser"
    icon="16/view_tree.png" bigicon="32/view_tree.png"
    statustip="Show the graphics object browser sidebar."/>
  <cmd name="showPlotCameraControl" modes="plot3d" text="C&amp;amera Control"
    icon="16/cam.png" bigicon="32/cam.png"
    tooltip="Camera Control" statustip="Show the camera control sidebar."/>
  <cmd name="insertPlot3dCamera" text="&amp;Camera"
    statustip="Insert new camera into the current 3D scene."/>
  <cmd name="insertPlot3dAmbientLight" text="&amp;Ambient Light"
    statustip="Insert new ambient light into the current 3D scene."/>
  <cmd name="insertPlot3dDistantLight" text="&amp;Distant Light"
    statustip="Insert new distant light into the current 3D scene."/>
  <cmd name="insertPlot3dPointLight" text="&amp;Point Light"
    statustip="Insert new point light into the current 3D scene."/>
  <cmd name="insertPlot3dSpotLight" text="&amp;Spot Light"
    statustip="Insert new spot light into the current 3D scene."/>
  <cmd name="toolPlot2dQuery" text="&amp;Coordinates" tooltip="Coordinates"
    icon="16/queryTool.png" bigicon="32/queryTool.png"
    statustip="Drag mouse with mouse button down in graphics to query coordinate values."/>
  <cmd name="toolPlot2dZoomIn" text="Zoom &amp;In" tooltip="Zoom In"
    icon="16/zoomInTool.png" bigicon="32/zoomInTool.png"
    statustip="Click into graphics to zoom in."/>
  <cmd name="toolPlot2dZoomOut" text="Zoom &amp;Out" tooltip="Zoom Out"
    icon="16/zoomOutTool.png" bigicon="32/zoomOutTool.png"
    statustip="Click into graphics to zoom out."/>
  <cmd name="toolPlot2dZoomBox" text="Zoom &amp;Box" tooltip="Zoom Box"
    icon="16/zoomBoxTool.png" bigicon="32/zoomBoxTool.png"
    statustip="Drag mouse in graphics to zoom into the box defined this way."/>
  <cmd name="toolPlot2dMove" text="&amp;Move" tooltip="Move"
    icon="16/moveTool.png" bigicon="32/moveTool.png"
    statustip="Drag mouse in graphics to move its viewing box."/>
  <cmd name="toolPlot3dSelect" text="&amp;Select" tooltip="Select"
    icon="16/selectTool.png" bigicon="32/selectTool.png"
    statustip="Click into graphics to select an object."/>
  <cmd name="toolPlot3dRotate" text="&amp;Rotate" tooltip="Rotate"
    icon="16/rotateTool.png" bigicon="32/rotateTool.png"
    statustip="Drag mouse in graphics to rotate it."/>
  <cmd name="toolPlot3dMove" text="&amp;Move" tooltip="Move"
    icon="16/moveTool.png" bigicon="32/moveTool.png"
    statustip="Drag mouse in graphics to move its viewing box."/>
  <cmd name="toolPlot3dZoom" text="&amp;Zoom" tooltip="Zoom"
    icon="16/zoomTool.png" bigicon="32/zoomTool.png"
    statustip="Drag mouse in graphics to zoom in or out."/>
  <cmd name="toolPlot3dQuery" text="&amp;Coordinates" tooltip="Coordinates"
    icon="16/queryTool.png" bigicon="32/queryTool.png"
    statustip="Drag mouse in graphics to query object coordinates."/>
  <cmd name="actionPlot3dRotateLeft" text="Rotate &amp;Left" tooltip="Rotate Left"
    icon="16/rotateLeft.png" bigicon="32/rotateLeft.png"
    statustip="Start or stop auto-rotation of the scene to the left."/>
  <cmd name="actionPlot3dRotateRight" text="Rotate &amp;Right" tooltip="Rotate Right"
    icon="16/rotateRight.png" bigicon="32/rotateRight.png"
    statustip="Start or stop auto-rotation of the scene to the right."/>
  <cmd name="actionPlot3dRotateUp" text="Rotate &amp;Up" tooltip="Rotate Up"
    icon="16/rotateUp.png" bigicon="32/rotateUp.png"
    statustip="Start or stop upwards auto-rotation of the scene."/>
  <cmd name="actionPlot3dRotateDown" text="Rotate &amp;Down" tooltip="Rotate Down"
    icon="16/rotateDown.png" bigicon="32/rotateDown.png"
    statustip="Start or stop downwards auto-rotation of the scene."/>
  <cmd name="actionPlot3dZoomIn" text="Zoom &amp;In" tooltip="Zoom In"
    icon="16/viewmag+.png" bigicon="32/viewmag+.png"
    statustip="Start or stop auto-zooming into the scene."/>
  <cmd name="actionPlot3dZoomOut" text="Zoom &amp;Out" tooltip="Zoom Out"
    icon="16/viewmag-.png" bigicon="32/viewmag-.png"
    statustip="Start or stop auto-zooming out of the scene."/>
  <cmd name="actionPlot3dSpeed8xFaster" text="&amp;8x Faster"
    statustip="Play automatic animation 8 times faster than with natural speed."/>
  <cmd name="actionPlot3dSpeed4xFaster" text="&amp;4x Faster"
    statustip="Play automatic animation 4 times faster than with natural speed."/>
  <cmd name="actionPlot3dSpeed2xFaster" text="&amp;2x Faster"
    statustip="Play automatic animation 2 times faster than with natural speed."/>
  <cmd name="actionPlot3dSpeedNormal" text="&amp;Natural"
    statustip="Play automatic animation with natural speed."/>
  <cmd name="actionPlot3dSpeed2xSlower" text="2x &amp;Slower"
    statustip="Play automatic animation 2 times slower than with natural speed."/>
  <cmd name="actionPlot3dSpeed4xSlower" text="4x S&amp;lower"
    statustip="Play automatic animation 4 times slower than with natural speed."/>
  <cmd name="actionPlot3dSpeed8xSlower" text="8x Sl&amp;ower"
    statustip="Play automatic animation 8 times slower than with natural speed."/>
  <cmd name="animationPlotStart" text="&amp;Play" tooltip="Play"
    icon="16/player_play.png" bigicon="32/player_play.png"
    iconon="16/player_stop.png" bigiconon="32/player_stop.png"
    statustip="Start or stop playing the animation of the graphics."/>
  <cmd name="animationPlotBegin" text="&amp;Begin" tooltip="Begin"
    icon="16/player_start.png" bigicon="32/player_start.png"
    statustip="Got to the begin of the animation sequence."/>
  <cmd name="animationPlotEnd" text="&amp;End" tooltip="End"
    icon="16/player_end.png" bigicon="32/player_end.png"
    statustip="Got to the end of the animation sequence."/>
  <cmd name="animationPlotNextStep" text="&amp;Next Step" tooltip="Next Step"
    statustip="Got to the next step of the animation sequence."/>
  <cmd name="animationPlotPreviousStep" text="Previo&amp;us Step" tooltip="Previous Step"
    statustip="Got to the previous step of the animation sequence."/>
  <cmd name="animationPlotSetTime" text="Set &amp;Time..." tooltip="Set Time"
    statustip="Got to a certain time step of the animation sequence."/>
  <cmd name="animationPlotRunOnce" text="Run &amp;Once" tooltip="Run Once"
    statustip="Run animation sequences only once, stopping at the end."/>
  <cmd name="animationPlotLoop" text="&amp;Loop" tooltip="Loop"
    statustip="Run animation sequences in a loop, restarting at the end."/>
  <cmd name="animationPlotBackAndForth" text="Back and &amp;Forth" tooltip="Back and Forth"
    statustip="Run animation sequences back and forth in a loop."/>
  <cmd name="animationPlotSpeed8xFaster" text="&amp;8x Faster"
    statustip="Play animation sequence 8 times faster than with natural speed."/>
  <cmd name="animationPlotSpeed4xFaster" text="&amp;4x Faster"
    statustip="Play animation sequence 4 times faster than with natural speed."/>
  <cmd name="animationPlotSpeed2xFaster" text="&amp;2x Faster"
    statustip="Play animation sequence 2 times faster than with natural speed."/>
  <cmd name="animationPlotSpeedNormal" text="&amp;Natural"
    statustip="Play animation sequence with natural speed."/>
  <cmd name="animationPlotSpeed2xSlower" text="2x &amp;Slower"
    statustip="Play animation sequence 2 times slower than with natural speed."/>
  <cmd name="animationPlotSpeed4xSlower" text="4x S&amp;lower"
    statustip="Play animation sequence 4 times slower than with natural speed."/>
  <cmd name="animationPlotSpeed8xSlower" text="8x Sl&amp;ower"
    statustip="Play animation sequence 8 times slower than with natural speed."/>
  <cmd name="aboutOpenGL" modes="plot3d" text="OpenGL &amp;Info..."
    statustip="Displays information about your OpenGL installation."/>

  <cmd name="goBack" text="&amp;Back"
    accel="Alt+Left" icon="16/back.png" bigicon="32/back.png"
    tooltip="Go Back" statustip="Go back to the link target viewed before this one."/>
  <cmd name="goForward" text="&amp;Forward"
    accel="Alt+Right" icon="16/forward.png" bigicon="32/forward.png"
    tooltip="Go Forward" statustip="Go forward to the link target viewed after this one."/>

  <!-- Plot commands end -->
  <menubar>
    <menu text="&amp;File">
      <menuitem cmd="newDocument"/>
      <menuitem cmd="newEditor"/>
      <menuitem cmd="openDocument"/>
      <menuitem cmd="importDocument"/>
      <menuitem cmd="closeDocument"/>
      <sep/>
      <menuitem cmd="saveDocument"/>
      <menuitem cmd="saveDocumentAs"/>
      <menuitem cmd="exportDocument"/>
      <menuitem cmd="exportPlotDocument"/>
      <sep/>
      <menuitem cmd="documentProperties"/>
      <sep/>
      <menuitem cmd="printDocument"/>
      <sep/>
      <recentfiles/>
      <sep/>
      <menuitem cmd="exitApp"/>
    </menu>
    <menu text="&amp;Edit" modes="text">
      <menuitem cmd="editUndo"/>
      <menuitem cmd="editRedo"/>
      <sep/>
      <menuitem cmd="editCut"/>
      <menuitem cmd="editCopy"/>
      <menuitem cmd="editPaste"/>
      <menu text="Paste As">
        <menuitem cmd="editPasteNative"/>
        <menuitem cmd="editPasteRTF"/>
        <menuitem cmd="editPasteHTML"/>
        <menuitem cmd="editPastePlain"/>
        <menuitem cmd="editPasteURL"/>
        <menuitem cmd="editPasteGraphic"/>
      </menu>
      <sep/>
      <menuitem cmd="editSelectContents"/>
      <menuitem cmd="editSelectRegion"/>
      <menuitem cmd="editSelectAll"/>
      <sep/>
      <menuitem cmd="editDeleteOutput"/>
      <menuitem cmd="editDeleteAnyOutput"/>
      <sep/>
      <menuitem cmd="editReplace"/>
      <menuitem cmd="editFindAgain"/>
      <sep/>
      <menuitem cmd="insertLink"/>
      <menuitem cmd="insertLinktarget"/>
      <sep/>
      <menu text="&amp;Table">
        <menuitem cmd="insertTableRow"/>
        <menuitem cmd="insertTableColumn"/>
        <menuitem cmd="deleteTableRow"/>
        <menuitem cmd="deleteTableColumn"/>
      </menu>
      <menu text="Coordinate List">
        <menuitem cmd="editPasteQueryList"/>
        <menuitem cmd="putQueryListToClipboard"/>
        <menuitem cmd="putQueryListToClipboardAsCSV"/>
        <sep/>
        <menuitem cmd="editClearQueryList"/>
      </menu>
      <sep/>
      <menuitem cmd="completeWord"/>
      <menuitem cmd="editToggleGreek"/>
    </menu>
    <menu text="&amp;Edit" modes="plot">
      <menuitem cmd="editUndo"/>
      <menuitem cmd="editRedo"/>
      <sep/>
      <menuitem cmd="editPlotCopy"/>
      <menuitem cmd="editDelete"/>
      <sep/>
      <menuitem cmd="editPlotSize"/>
      <sep/>
      <menuitem cmd="editPlotCmdToClipboard"/>
      <menuitem cmd="editPlotCmdToNotebook"/>
    </menu>
    <documents text="EduUnits"/>
    <menu text="&amp;View" modes="text">
      <menuitem cmd="wrapToWindow"/>
      <menuitem cmd="refreshView"/>
      <menuitem cmd="markLinktargets"/>
      <sep/>
      <menuitem cmd="showCommandBar"/>
      <menuitem cmd="showFindBar"/>
      <menu text="&amp;Toolbars">
        <menuitem cmd="showToolbar" arg="standardTextBar"/>
        <menuitem cmd="showToolbar" arg="formatBar"/>
      </menu>
      <menuitem cmd="showStatusBar"/>
      <sep/>
      <menuitem cmd="configureApp"/>
    </menu>
    <menu text="&amp;View" modes="plot">
      <menuitem cmd="viewPlotReset"/>
      <menuitem cmd="viewPlot3dFitToContents"/>
      <sep/>
      <menuitem cmd="viewPlotRecalculate"/>
      <menuitem cmd="viewPlotStopRecalculate"/>
      <sep/>
      <menuitem cmd="showPlotObjects"/>
      <menuitem cmd="showPlotCameraControl"/>
      <menu text="&amp;Toolbars">
        <menuitem cmd="showToolbar" arg="standardPlotBar"/>
        <menuitem cmd="showToolbar" arg="tools2dBar"/>
        <menuitem cmd="showToolbar" arg="tools3dBar"/>
        <menuitem cmd="showToolbar" arg="animationBar"/>
        <menuitem cmd="showToolbar" arg="actionBar"/>
      </menu>
      <menuitem cmd="showStatusBar"/>
      <sep/>
      <menuitem cmd="viewPlotHideDefaults"/>
      <menuitem cmd="configureApp"/>
    </menu>
    <menu text="N&amp;avigation" modes="text">
      <menuitem cmd="goBack"/>
      <menuitem cmd="goForward"/>
      <sep/>
      <menuitem cmd="findNextPlaceholder"/>
      <menuitem cmd="findPreviousPlaceholder"/>
    </menu>
    <menu text="&amp;Insert" modes="text">
      <menuitem cmd="insertCalculation"/>
      <menuitem cmd="insertCalculationAbove"/>
      <menuitem cmd="insertParagraph"/>
      <menuitem cmd="insertParagraphAbove"/>
      <sep/>
      <menuitem cmd="insertLink"/>
      <menuitem cmd="insertLinktarget"/>
      <sep/>
      <menuitem cmd="insertImage"/>
      <menuitem cmd="insertTable"/>
      <menuitem cmd="insertFrame"/>
      <sep/>
      <menuitem cmd="insertLineBreak"/>
      <menuitem cmd="insertFilePath"/>
    </menu>
    <menu text="&amp;Insert" modes="plot3d">
      <menuitem cmd="insertPlot3dCamera"/>
      <sep/>
      <menuitem cmd="insertPlot3dAmbientLight"/>
      <menuitem cmd="insertPlot3dDistantLight"/>
      <menuitem cmd="insertPlot3dPointLight"/>
      <menuitem cmd="insertPlot3dSpotLight"/>
    </menu>
    <menu text="&amp;Tools" modes="plot2d">
      <menuitem cmd="toolPlot2dQuery"/>
      <menuitem cmd="toolPlot2dZoomIn"/>
      <menuitem cmd="toolPlot2dZoomOut"/>
      <menuitem cmd="toolPlot2dZoomBox"/>
      <menuitem cmd="toolPlot2dMove"/>
    </menu>
    <menu text="&amp;Tools" modes="plot3d">
      <menuitem cmd="toolPlot3dSelect"/>
      <sep/>
      <menuitem cmd="toolPlot3dRotate"/>
      <menuitem cmd="toolPlot3dMove"/>
      <menuitem cmd="toolPlot3dZoom"/>
      <menuitem cmd="toolPlot3dQuery"/>
    </menu>
    <menu text="&amp;Animation" modes="animated">
      <menuitem cmd="animationPlotStart"/>
      <sep/>
      <menuitem cmd="animationPlotBegin"/>
      <menuitem cmd="animationPlotEnd"/>
      <sep/>
      <menuitem cmd="animationPlotNextStep"/>
      <menuitem cmd="animationPlotPreviousStep"/>
      <menuitem cmd="animationPlotSetTime"/>
      <sep/>
      <menuitem cmd="animationPlotRunOnce"/>
      <menuitem cmd="animationPlotLoop"/>
      <menuitem cmd="animationPlotBackAndForth"/>
      <sep/>
      <menu text="&amp;Speed">
        <menuitem cmd="animationPlotSpeed8xFaster"/>
        <menuitem cmd="animationPlotSpeed4xFaster"/>
        <menuitem cmd="animationPlotSpeed2xFaster"/>
        <menuitem cmd="animationPlotSpeedNormal"/>
        <menuitem cmd="animationPlotSpeed2xSlower"/>
        <menuitem cmd="animationPlotSpeed4xSlower"/>
        <menuitem cmd="animationPlotSpeed8xSlower"/>
      </menu>
    </menu>
    <menu text="A&amp;ctions" modes="plot3d">
      <menuitem cmd="actionPlot3dRotateRight"/>
      <menuitem cmd="actionPlot3dRotateLeft"/>
      <menuitem cmd="actionPlot3dRotateDown"/>
      <menuitem cmd="actionPlot3dRotateUp"/>
      <menuitem cmd="actionPlot3dZoomIn"/>
      <menuitem cmd="actionPlot3dZoomOut"/>
      <sep/>
      <menu text="&amp;Speed">
        <menuitem cmd="actionPlot3dSpeed8xFaster"/>
        <menuitem cmd="actionPlot3dSpeed4xFaster"/>
        <menuitem cmd="actionPlot3dSpeed2xFaster"/>
        <menuitem cmd="actionPlot3dSpeedNormal"/>
        <menuitem cmd="actionPlot3dSpeed2xSlower"/>
        <menuitem cmd="actionPlot3dSpeed4xSlower"/>
        <menuitem cmd="actionPlot3dSpeed8xSlower"/>
      </menu>
    </menu>
    <menu text="F&amp;ormat" modes="text">
      <menuitem cmd="textStyle"/>
      <menuitem cmd="mathStyle"/>
      <menuitem cmd="paraStyle"/>
      <menuitem cmd="calcStyle"/>
      <menuitem cmd="tableStyle"/>
      <menuitem cmd="frameStyle"/>
      <menuitem cmd="pageStyle"/>
      <sep/>
      <menuitem cmd="textIncreaseSize"/>
      <menuitem cmd="textDecreaseSize"/>
      <sep/>
      <menuitem cmd="defaultStyles"/>
    </menu>
    <menu text="&amp;Notebook" modes="text">
      <menuitem cmd="evaluateInput"/>
      <menuitem cmd="evaluateFromBegin"/>
      <menuitem cmd="evaluateToEnd"/>
      <menuitem cmd="evaluateAny"/>
      <menuitem cmd="evaluateDebug"/>
      <menuitem cmd="readCommands"/>
      <menuitem cmd="stopEvaluation"/>
      <sep/>
      <menuitem cmd="typesetMathOutput"/>
      <menuitem cmd="prettyPrintOutput"/>
      <menuitem cmd="setTextWidth"/>
      <sep/>
      <menuitem cmd="startKernel"/>
      <menuitem cmd="disconnectKernel"/>
    </menu>
    <menu text="&amp;Window">
      <windowlist/>
    </menu>
    <menu text="&amp;Help">
      <menuitem cmd="showHelpBrowser"/>
      <menuitem cmd="showHelpCommands"/>
      <menuitem cmd="showHelpPage" arg="getstarted.muphlp/index.xml"/>
      <menuitem cmd="contextHelp"/>
      <sep/>
      <menuitem cmd="aboutOpenGL"/>
      <menuitem cmd="aboutBox"/>
    </menu>
  </menubar>
  <toolbar name="standardTextBar" label="Standard Toolbar" modes="text">
    <button cmd="newDocument"/>
    <button cmd="newEditor"/>
    <button cmd="openDocument"/>
    <button cmd="saveDocument"/>
    <button cmd="printDocument"/>
    <sep/>
    <button cmd="editUndo"/>
    <button cmd="editRedo"/>
    <button cmd="editCut"/>
    <button cmd="editCopy"/>
    <button cmd="editPaste"/>
    <sep/>
    <button cmd="goBack"/>
    <button cmd="goForward"/>
    <sep/>
    <button cmd="insertCalculation"/>
    <button cmd="insertParagraph"/>
    <button cmd="evaluateInput"/>
    <button cmd="stopEvaluation"/>
    <sep/>
    <button cmd="showHelpBrowser"/>
    <button cmd="contextHelp"/>
  </toolbar>
  <toolbar name="formatBar" label="Format Toolbar" modes="text" newline="1">
    <widget cmd="textFamilyCombo"/>
    <widget cmd="textSizeCombo"/>
    <button cmd="textBold"/>
    <button cmd="textItalic"/>
    <button cmd="textUnderline"/>
    <button cmd="textSubScript"/>
    <button cmd="textSuperScript"/>
    <widget cmd="textColorPopup"/>
    <sep/>
    <button cmd="textIncreaseSize"/>
    <button cmd="textDecreaseSize"/>
  </toolbar>
  <toolbar name="standardPlotBar" label="Standard Toolbar" modes="plot">
    <button cmd="viewPlotReset"/>
    <button cmd="viewPlot3dFitToContents"/>
    <button cmd="showPlotObjects"/>
    <button cmd="showPlotCameraControl"/>
    <sep/>
    <button cmd="editUndo"/>
    <button cmd="editRedo"/>
    <sep/>
    <button cmd="viewPlotRecalculate"/>
    <button cmd="viewPlotStopRecalculate"/>
    <sep/>
    <button cmd="showHelpBrowser"/>
    <button cmd="contextHelp"/>
  </toolbar>
  <toolbar name="tools2dBar" label="Tools Toolbar" modes="plot2d">
    <!-- The label can not be '2D Tools' or 'Tools 2D' because of a Qt4 bug in rc1-20050506. -->
    <button cmd="toolPlot2dQuery"/>
    <button cmd="toolPlot2dZoomIn"/>
    <button cmd="toolPlot2dZoomOut"/>
    <button cmd="toolPlot2dZoomBox"/>
    <button cmd="toolPlot2dMove"/>
  </toolbar>
  <toolbar name="tools3dBar" label="Tools Toolbar" modes="plot3d">
    <button cmd="toolPlot3dSelect"/>
    <button cmd="toolPlot3dRotate"/>
    <button cmd="toolPlot3dMove"/>
    <button cmd="toolPlot3dZoom"/>
    <button cmd="toolPlot3dQuery"/>
  </toolbar>
  <toolbar name="animationBar" label="Animation Toolbar" modes="animated">
    <button cmd="animationPlotBegin"/>
    <button cmd="animationPlotStart"/>
    <widget cmd="animationPlotTimeSlider"/>
    <button cmd="animationPlotEnd"/>
    <sep/>
    <menubutton text="Repetition" tooltip="Repetition"
      icon="16/noatunloopsong.png" bigicon="32/noatunloopsong.png"
      statustip="Choose the repetition mode for playing animations.">
      <menuitem cmd="animationPlotRunOnce"/>
      <menuitem cmd="animationPlotLoop"/>
      <menuitem cmd="animationPlotBackAndForth"/>
    </menubutton>
    <menubutton text="Speed" tooltip="Speed"
      icon="16/player_fwd.png" bigicon="32/player_fwd.png"
      statustip="Choose the playing speed for animations.">
      <menuitem cmd="animationPlotSpeed8xFaster"/>
      <menuitem cmd="animationPlotSpeed4xFaster"/>
      <menuitem cmd="animationPlotSpeed2xFaster"/>
      <menuitem cmd="animationPlotSpeedNormal"/>
      <menuitem cmd="animationPlotSpeed2xSlower"/>
      <menuitem cmd="animationPlotSpeed4xSlower"/>
      <menuitem cmd="animationPlotSpeed8xSlower"/>
    </menubutton>
  </toolbar>
  <toolbar name="actionBar" label="Actions Toolbar" modes="plot3d">
    <button cmd="actionPlot3dRotateRight"/>
    <button cmd="actionPlot3dRotateLeft"/>
    <button cmd="actionPlot3dRotateDown"/>
    <button cmd="actionPlot3dRotateUp"/>
    <button cmd="actionPlot3dZoomIn"/>
    <button cmd="actionPlot3dZoomOut"/>
    <sep/>
    <menubutton text="Speed" tooltip="Speed"
      icon="16/player_fwd.png" bigicon="32/player_fwd.png"
      statustip="Choose the playing speed for automatic animations.">
      <menuitem cmd="actionPlot3dSpeed8xFaster"/>
      <menuitem cmd="actionPlot3dSpeed4xFaster"/>
      <menuitem cmd="actionPlot3dSpeed2xFaster"/>
      <menuitem cmd="actionPlot3dSpeedNormal"/>
      <menuitem cmd="actionPlot3dSpeed2xSlower"/>
      <menuitem cmd="actionPlot3dSpeed4xSlower"/>
      <menuitem cmd="actionPlot3dSpeed8xSlower"/>
    </menubutton>
  </toolbar>
</ui>
